date,cno_price,cpo_price_lag1,cpo_price_lag2,cpo_price_lag3,cpo_price_lag4,usd_php_lag1,usd_php_lag2,usd_php_lag3,usd_php_lag4,oni_lag1,copra_farmgate_lag1,copra_farmgate_lag2,copra_farmgate_lag3,copra_farmgate_lag4,coconut_prod_lag1,coconut_prod_lag2,coconut_prod_lag3,coconut_prod_lag4,coconut_prod_lag5,coconut_prod_lag6,scfm,scfm_lag1,scfm_mean6,scfm_dev,target_next_cno_log_return,target_next_cno_direction
2010-12-01,993.0,1065.875,965.6,859.875,827.35,43.87875,43.065000000000005,43.917500000000004,44.943,-1.64,29.62,27.62,24.83,22.78,4024607.15,4024607.15,4032257.3,4032257.3,4032257.3,3564582.99,-139.49526857244155,-78.0255390983358,43.068504249507725,-182.56377282194927,0.03755381997178731,1
2011-01-01,1031.0,1186.875,1065.875,965.6,859.875,43.9125,43.87875,43.065000000000005,43.917500000000004,-1.54,32.66,29.62,27.62,24.83,4024607.15,4024607.15,4024607.15,4032257.3,4032257.3,4032257.3,-187.55837953361424,-139.49526857244155,-0.3061485749735387,-187.2522309586407,0.12647454377484182,1
2011-02-01,1170.0,1226.0,1186.875,1065.875,965.6,44.154,43.9125,43.87875,43.065000000000005,-1.31,40.41,32.66,29.62,27.62,3350281.44,4024607.15,4024607.15,4024607.15,4032257.3,4032257.3,-421.70773073463647,-187.55837953361424,-52.70461907894995,-369.0031116556865,0.08594242980072463,1
2011-03-01,1275.0,1237.3125,1226.0,1186.875,1065.875,43.557500000000005,44.154,43.9125,43.87875,-1.04,43.16,40.41,32.66,29.62,3350281.44,3350281.44,4024607.15,4024607.15,4024607.15,4032257.3,-402.81608237241585,-421.70773073463647,-134.95986101619386,-267.856221356222,0.10206096046066084,1
2011-04-01,1412.0,1114.0625,1237.3125,1226.0,1186.875,43.4275,43.557500000000005,44.154,43.9125,-0.8,35.77,43.16,40.41,32.66,3350281.44,3350281.44,3350281.44,4024607.15,4024607.15,4024607.15,-32.4152962472574,-402.81608237241585,-201.0048032442506,168.5895069969932,0.06842613868629095,1
2011-05-01,1512.0,1114.9375,1114.0625,1237.3125,1226.0,43.035,43.4275,43.557500000000005,44.154,-0.62,39.31,35.77,43.16,40.41,3445440.62,3350281.44,3350281.44,3350281.44,4024607.15,4024607.15,-37.908804387717055,-32.4152962472574,-210.33638275978356,172.4275783720665,0.125979802860562,1
2011-06-01,1715.0,1107.5,1114.9375,1114.0625,1237.3125,43.171,43.035,43.4275,43.557500000000005,-0.46,39.63,39.31,35.77,43.16,3445440.62,3445440.62,3350281.44,3350281.44,3350281.44,4024607.15,54.89310174047614,-37.908804387717055,-203.65026030801377,258.54336204848994,0.17255585418262984,1
2011-07-01,2038.0,1039.875,1107.5,1114.9375,1114.0625,43.32875,43.171,43.035,43.4275,-0.37,35.24,39.63,39.31,35.77,3445440.62,3445440.62,3445440.62,3350281.44,3350281.44,3350281.44,424.02096329785786,54.89310174047614,-171.25219858919414,595.273161887052,0.10162439883527938,1
2011-08-01,2256.0,1033.35,1039.875,1107.5,1114.9375,42.561,43.32875,43.171,43.035,-0.43,31.94,35.24,39.63,39.31,4021983.62,3445440.62,3445440.62,3445440.62,3350281.44,3350281.44,846.8058857072742,424.02096329785786,-69.32230811728213,916.1281938245563,-0.15866736589606495,0
2011-09-01,1925.0,1008.6875,1033.35,1039.875,1107.5,42.45875,42.561,43.32875,43.171,-0.58,24.33,31.94,35.24,39.63,4021983.62,4021983.62,3445440.62,3445440.62,3445440.62,3350281.44,1346.433712272556,846.8058857072742,142.09662795636964,1204.3370843161863,0.08175951483468126,1
2011-10-01,2089.0,966.5,1008.6875,1033.35,1039.875,43.2725,42.45875,42.561,43.32875,-0.79,23.57,24.33,31.94,35.24,4021983.62,4021983.62,4021983.62,3445440.62,3445440.62,3445440.62,1060.4162941198588,1346.433712272556,433.63826039719834,626.7780337226604,0.0038222693453541894,1
2011-12-01,2097.0,985.375,924.55,966.5,1008.6875,43.488749999999996,43.168,43.2725,42.45875,-1.02,26.63,23.27,23.57,24.33,4115636.02,4115636.02,4021983.62,4021983.62,4021983.62,3445440.62,1117.028139005116,1060.4162941198588,615.7768587917176,501.25128021339833,-0.1510558076986027,0
2012-01-01,1803.0,962.9375,985.375,924.55,966.5,43.7025,43.488749999999996,43.168,43.2725,-0.92,27.15,26.63,23.27,23.57,4115636.02,4115636.02,4115636.02,4021983.62,4021983.62,4021983.62,1110.89535849807,1117.028139005116,808.2663493571898,302.62900914088016,-0.08143024778792382,0
2012-02-01,1662.0,1018.45,962.9375,985.375,924.55,43.317,43.7025,43.488749999999996,43.168,-0.72,27.12,27.15,26.63,23.27,3534459.22,4115636.02,4115636.02,4115636.02,4021983.62,4021983.62,809.2188275360933,1110.89535849807,984.2667254834554,-175.04789794736212,-0.13370331732192886,0
2012-03-01,1454.0,1068.3125,1018.45,962.9375,985.375,42.69375,43.317,43.7025,43.488749999999996,-0.57,26.77,27.12,27.15,26.63,3534459.22,3534459.22,4115636.02,4115636.02,4115636.02,4021983.62,666.7240288786184,809.2188275360933,1048.4663695231613,-381.742340644543,-0.10811533833667089,0
2012-04-01,1305.0,1111.4375,1068.3125,1018.45,962.9375,42.8525,42.69375,43.317,43.7025,-0.46,25.71,26.77,27.12,27.15,3534459.22,3534459.22,3534459.22,4115636.02,4115636.02,4115636.02,501.6746091937737,666.7240288786184,1018.4527267183854,-516.7781175246117,-0.07723694126203358,0
2012-05-01,1208.0,1141.4,1111.4375,1068.3125,1018.45,42.484,42.8525,42.69375,43.317,-0.36,24.37,25.71,26.77,27.12,3608390.69,3534459.22,3534459.22,3534459.22,4115636.02,4115636.02,394.4798116340344,501.6746091937737,877.6595428719216,-483.17973123788727,0.20240008421603958,1
2012-06-01,1479.0,996.8125,1141.4,1111.4375,1068.3125,43.21125,42.484,42.8525,42.69375,-0.17,19.46,24.37,25.71,26.77,3608390.69,3608390.69,3534459.22,3534459.22,3534459.22,4115636.02,493.16557866553524,394.4798116340344,766.6701291242844,-273.5045504587491,-0.023256862164267235,0
2012-07-01,1445.0,926.8125,996.8125,1141.4,1111.4375,42.4875,43.21125,42.484,42.8525,0.06,18.46,19.46,24.37,25.71,3608390.69,3608390.69,3608390.69,3534459.22,3534459.22,3534459.22,789.3480482121258,493.16557866553524,662.6930357343541,126.65501247777172,0.004143652337655374,1
2012-08-01,1451.0,967.2,926.8125,996.8125,1141.4,41.903000000000006,42.4875,43.21125,42.484,0.3,17.56,18.46,19.46,24.37,4210921.49,3608390.69,3608390.69,3608390.69,3534459.22,3534459.22,779.820517074771,789.3480482121258,609.1018173533635,170.71869972140757,-0.027954301031373897,0
2012-09-01,1411.0,930.0625,967.2,926.8125,996.8125,42.15625,41.903000000000006,42.4875,43.21125,0.41,16.66,17.56,18.46,19.46,4210921.49,4210921.49,3608390.69,3608390.69,3608390.69,3534459.22,823.7040606210361,779.820517074771,604.202098943143,219.50196167789306,-0.05312271116464024,0
2012-10-01,1338.0,888.45,930.0625,967.2,926.8125,41.54600000000001,42.15625,41.903000000000006,42.4875,0.41,15.98,16.66,17.56,18.46,4210921.49,4210921.49,4210921.49,3608390.69,3608390.69,3608390.69,800.4700003591354,823.7040606210361,630.3654375668793,170.10456279225605,0.007446050784078532,1
2012-11-01,1348.0,818.625,888.45,930.0625,967.2,41.2775,41.54600000000001,42.15625,41.903000000000006,0.31,14.41,15.98,16.66,17.56,4175047.62,4210921.49,4210921.49,4210921.49,3608390.69,3608390.69,783.8720641265612,800.4700003591354,680.164669427773,103.70739469878822,-0.1545216685163584,0
2012-12-01,1155.0,774.375,818.625,888.45,930.0625,41.053749999999994,41.2775,41.54600000000001,42.15625,0.13,12.41,14.41,15.98,16.66,4175047.62,4175047.62,4210921.49,4210921.49,4210921.49,3608390.69,868.1799421876759,783.8720641265612,745.0633781765274,123.11656401114851,-0.08772001053764918,0
2013-01-01,1058.0,771.15,774.375,818.625,888.45,41.03,41.053749999999994,41.2775,41.54600000000001,-0.1,12.46,12.41,14.41,15.98,4175047.62,4175047.62,4175047.62,4210921.49,4210921.49,4210921.49,672.9678825791426,868.1799421876759,807.5657720968842,-134.59788951774158,0.011278315037707274,1
2013-02-01,1070.0,803.5625,771.15,774.375,818.625,40.625,41.03,41.053749999999994,41.2775,-0.29,13.12,12.46,12.41,14.41,3495106.79,4175047.62,4175047.62,4175047.62,4210921.49,4210921.49,545.3748473748474,672.9678825791426,788.1690778247203,-242.79423044987288,-0.06665914814073126,0
2013-03-01,1001.0,801.0625,803.5625,771.15,774.375,40.69,40.625,41.03,41.053749999999994,-0.29,13.37,13.12,12.46,12.41,3495106.79,3495106.79,4175047.62,4175047.62,4175047.62,4210921.49,548.4413314764753,545.3748473748474,749.0947995413999,-200.6534680649246,-0.03455628386192622,0
2013-04-01,967.0,780.2,801.0625,803.5625,771.15,40.839999999999996,40.69,40.625,41.03,-0.21,13.02,13.37,13.12,12.46,3495106.79,3495106.79,3495106.79,4175047.62,4175047.62,4175047.62,494.96016976820107,548.4413314764753,703.2176780173063,-208.25750824910523,-0.0740284271510947,0
2013-05-01,898.0,757.75,780.2,801.0625,803.5625,41.1425,40.839999999999996,40.69,40.625,-0.19,12.54,13.02,13.37,13.12,3517432.32,3495106.79,3495106.79,3495106.79,4175047.62,4175047.62,483.19950404662075,494.96016976820107,652.2993729188172,-169.09986887219645,-0.05728943251029654,0
2013-06-01,848.0,777.3125,757.75,780.2,801.0625,41.573750000000004,41.1425,40.839999999999996,40.69,-0.27,13.18,12.54,13.02,13.37,3517432.32,3517432.32,3495106.79,3495106.79,3495106.79,4175047.62,394.7825870739368,483.19950404662075,602.1872795721605,-207.4046924982237,-0.07719691800949467,0
2013-07-01,785.0,762.8,777.3125,757.75,780.2,43.124,41.573750000000004,41.1425,40.839999999999996,-0.34,14.85,13.18,12.54,13.02,3517432.32,3517432.32,3517432.32,3495106.79,3495106.79,3495106.79,301.4034743662794,394.7825870739368,523.2877203865373,-221.88424602025793,0.05410208489317279,1
2013-09-01,828.64,706.6875,702.1875,762.8,777.3125,43.96875,43.394999999999996,43.124,41.573750000000004,-0.28,15.8,15.14,14.85,13.18,4077913.33,4077913.33,3517432.32,3517432.32,3517432.32,3495106.79,214.60932299951492,301.4034743662794,461.3603190177268,-246.75099601821188,0.029266785111235066,1
2013-10-01,853.25,724.4,706.6875,702.1875,762.8,43.549,43.96875,43.394999999999996,43.124,-0.21,16.88,15.8,15.14,14.85,4077913.33,4077913.33,4077913.33,3517432.32,3517432.32,3517432.32,213.38704829845005,214.60932299951492,406.232731621838,-192.84568332338796,-0.04127380083735475,0
2013-11-01,818.75,779.4375,724.4,706.6875,702.1875,43.1325,43.549,43.96875,43.394999999999996,-0.13,17.5,16.88,15.8,15.14,3926833.75,4077913.33,4077913.33,4077913.33,3517432.32,3517432.32,209.2396185526511,213.38704829845005,350.3903510921671,-141.150732539516,-0.033937351210923006,0
2013-12-01,791.43,810.8125,779.4375,724.4,706.6875,43.588750000000005,43.1325,43.549,43.96875,-0.1,21.35,17.5,16.88,15.8,3926833.75,3926833.75,4077913.33,4077913.33,4077913.33,3517432.32,41.28129789478055,209.2396185526511,302.7702592229088,-261.48896132812825,0.03850704690098828,1
2014-03-01,860.43,808.0,810.8125,779.4375,724.4,44.70375,45.1275,44.338,43.588750000000005,-0.32,28.3,25.89,23.83,21.35,3253712.93,3253712.93,3926833.75,3926833.75,3926833.75,4077913.33,-114.22160463350212,-88.14734574789429,88.11421731129218,-202.3358219447943,0.03671749106973863,1
2014-04-01,892.61,809.25,808.0,810.8125,779.4375,44.812599999999996,44.70375,45.1275,44.338,-0.14,28.84,28.3,25.89,23.83,3253712.93,3253712.93,3253712.93,3926833.75,3926833.75,3926833.75,-161.10808923779882,-114.22160463350212,33.30906270578934,-194.41715194358815,0.09873551095646535,1
2014-05-01,985.24,807.5625,809.25,808.0,810.8125,44.4675,44.812599999999996,44.70375,45.1275,0.15,28.67,28.84,28.3,25.89,3353520.98,3253712.93,3253712.93,3253712.93,3926833.75,3926833.75,-130.7876838800587,-161.10808923779882,-29.10679355025214,-101.68089032980656,0.00041605569657800337,1
2014-06-01,985.65,783.5,807.5625,809.25,808.0,43.7125,44.4675,44.812599999999996,44.70375,0.31,28.68,28.67,28.84,28.3,3353520.98,3353520.98,3253712.93,3253712.93,3253712.93,3926833.75,-56.19687786810459,-130.7876838800587,-85.77801062237045,29.58113275426585,0.25700790180418354,1
2014-07-01,1274.5,754.4,783.5,807.5625,809.25,43.706,43.7125,44.4675,44.812599999999996,0.23,26.67,28.68,28.67,28.84,3353520.98,3353520.98,3353520.98,3253712.93,3253712.93,3253712.93,17.056824387193274,-56.19687786810459,-102.02437324951796,119.08119763671124,-0.003537044363533206,0
2014-08-01,1270.0,721.125,754.4,783.5,807.5625,43.5075,43.706,43.7125,44.4675,0.1,22.7,26.67,28.68,28.67,3864424.09,3353520.98,3353520.98,3353520.98,3253712.93,3253712.93,446.3267877550761,17.056824387193274,-88.90079616336088,535.227583918437,-0.0007167922672788892,0
2014-09-01,1269.09,648.75,721.125,754.4,783.5,43.7432,43.5075,43.706,43.7125,0.11,21.1,22.7,26.67,28.68,3864424.09,3864424.09,3353520.98,3353520.98,3353520.98,3253712.93,504.3481160028647,446.3267877550761,0.17822608713419186,504.1698899157305,0.07212145121804941,1
2014-10-01,1364.0,659.625,648.75,721.125,754.4,44.61125,43.7432,43.5075,43.706,0.28,21.29,21.1,22.7,26.67,3864424.09,3864424.09,3864424.09,3353520.98,3353520.98,3353520.98,511.57590224100875,504.3481160028647,103.27317952652866,408.30272271448007,0.018198500823285904,1
2014-11-01,1389.05,672.125,659.625,648.75,721.125,44.85125,44.61125,43.7432,43.5075,0.54,20.79,21.29,21.1,22.7,3896935.72,3864424.09,3864424.09,3864424.09,3353520.98,3353520.98,628.2345531061006,511.57590224100875,215.3871781063299,412.84737499977075,-0.02398500511511726,0
2014-12-01,1356.13,653.15,672.125,659.625,648.75,44.872,44.85125,44.61125,43.7432,0.71,21.54,20.79,21.29,21.1,3896935.72,3896935.72,3864424.09,3864424.09,3864424.09,3353520.98,627.0942995525897,628.2345531061006,341.8908842706898,285.20341528189994,0.041256961443824104,1
2015-01-01,1413.25,634.1875,653.15,672.125,659.625,44.71325,44.872,44.85125,44.61125,0.77,21.62,21.54,20.79,21.29,3896935.72,3896935.72,3896935.72,3864424.09,3864424.09,3864424.09,588.6290843327132,627.0942995525897,455.7727471741389,132.85633715857432,-0.014252869105754493,0
2015-02-01,1393.25,630.5,634.1875,653.15,672.125,44.455,44.71325,44.872,44.85125,0.69,21.17,21.62,21.54,20.79,3269446.56,3896935.72,3896935.72,3896935.72,3864424.09,3864424.09,657.3580957558294,588.6290843327132,551.0347904983922,106.32330525743714,-0.1043282914420207,0
2015-03-01,1255.22,644.25,630.5,634.1875,653.15,44.21375,44.455,44.71325,44.872,0.61,21.27,21.17,21.62,21.54,3269446.56,3269446.56,3896935.72,3896935.72,3896935.72,3864424.09,629.643548117842,657.3580957558294,586.2066751651844,43.43687295265761,-0.0553595515727232,0
2015-05-01,1187.62,591.125,599.5,644.25,630.5,44.42625,44.53,44.21375,44.455,0.81,20.81,20.57,21.27,21.17,3344517.93,3269446.56,3269446.56,3269446.56,3896935.72,3896935.72,511.70133633277555,629.643548117842,607.0892471843473,-95.38791085157175,0.004863451038116627,1
2015-06-01,1193.41,609.35,591.125,599.5,644.25,44.648,44.42625,44.53,44.21375,1.02,21.51,20.81,20.57,21.27,3344517.93,3344517.93,3269446.56,3269446.56,3269446.56,3896935.72,422.90809481147767,511.70133633277555,607.1101528663085,-184.2020580548308,-0.038183887321660066,0
2015-07-01,1148.7,604.4375,609.35,591.125,599.5,45.1175,44.648,44.42625,44.53,1.25,21.69,21.51,20.81,20.57,3344517.93,3344517.93,3344517.93,3269446.56,3269446.56,3269446.56,430.3231395008273,422.90809481147767,572.8890764838712,-142.5659369830439,0.03669124960448809,1
2015-08-01,1191.63,570.6875,604.4375,609.35,591.125,45.3915,45.1175,44.648,44.42625,1.57,21.56,21.69,21.51,20.81,3895848.75,3344517.93,3344517.93,3344517.93,3269446.56,3269446.56,394.7654038262182,430.3231395008273,540.0938831419109,-145.32847931569268,0.017065274753622697,1
2015-09-01,1212.14,490.2,570.6875,604.4375,609.35,46.4724,45.3915,45.1175,44.648,1.91,20.78,21.56,21.69,21.51,3895848.75,3895848.75,3344517.93,3344517.93,3344517.93,3269446.56,481.8726605011367,394.7654038262182,507.7832697241617,-25.910609223025006,-0.0563628603595978,0
2015-10-01,1145.71,515.125,490.2,570.6875,604.4375,46.6375,46.4724,45.3915,45.1175,2.21,21.24,20.78,21.56,21.69,3895848.75,3895848.75,3895848.75,3344517.93,3344517.93,3344517.93,489.2392074127964,481.8726605011367,478.5356971817129,10.703510231083499,0.012826414564620192,1
2015-11-01,1160.5,547.6875,515.125,490.2,570.6875,46.2575,46.6375,46.4724,45.3915,2.47,21.37,21.24,20.78,21.56,3891267.63,3895848.75,3895848.75,3895848.75,3344517.93,3344517.93,412.40978013003473,489.2392074127964,455.13497373087193,-42.7251936008372,-0.06204959179581237,0
2016-07-01,1104.09,545.9,547.6875,515.125,490.2,46.645,46.679,46.5025,46.3575,0.0,30.78,30.02,30.63,28.21,3105445.76,3105445.76,3105445.76,3118481.7,3118481.7,3118481.7,4.164919988361817,11.561352411284588,201.54076505538828,-197.37584506702646,-0.030363317464419212,0
2016-08-01,1071.07,580.25,545.9,547.6875,515.125,47.0104,46.645,46.679,46.5025,-0.31,30.68,30.78,30.02,30.63,3599155.36,3105445.76,3105445.76,3105445.76,3118481.7,3118481.7,68.18278163102832,4.164919988361817,144.18932134151683,-76.00653971048851,0.07110379356826038,1
2016-09-01,1150.0,622.5,580.25,545.9,547.6875,46.48175,47.0104,46.645,46.679,-0.5,31.17,30.68,30.78,30.02,3599155.36,3599155.36,3105445.76,3105445.76,3105445.76,3118481.7,6.648146773938606,68.18278163102832,103.13339523514901,-96.4852484612104,0.001737619898540878,1
2016-10-01,1152.0,632.4375,622.5,580.25,545.9,47.985,46.48175,47.0104,46.645,-0.58,31.65,31.17,30.68,30.78,3599155.36,3599155.36,3599155.36,3105445.76,3105445.76,3105445.76,103.04584269885936,6.648146773938606,50.96657416762736,52.079268531232,0.056473862458477575,1
2016-11-01,1218.93,641.7,632.4375,622.5,580.25,48.4194,47.985,46.48175,47.0104,-0.64,31.92,31.65,31.17,30.68,3662430.87,3599155.36,3599155.36,3599155.36,3105445.76,3105445.76,105.58747389131918,103.04584269885936,41.85472290548042,63.732750985838756,0.16700296664585243,1
2016-12-01,1440.48,668.6875,641.7,632.4375,622.5,49.507,48.4194,47.985,46.48175,-0.6,31.98,31.92,31.65,31.17,3662430.87,3662430.87,3599155.36,3599155.36,3599155.36,3105445.76,193.58197321783246,105.58747389131918,49.86508623246531,143.71688698536715,0.09304954079575976,1
2017-09-01,1553.41,698.8125,668.6875,641.7,632.4375,51.128,50.5456,49.9935,49.6135,-0.07,35.81,35.88,37.86,36.93,3741924.68,3741924.68,3122630.66,3122630.66,3122630.66,2987666.26,361.8255577908417,430.6375041866959,375.2310532565072,-13.405495465665524,0.10601434683565841,1
2017-10-01,1727.14,660.375,698.8125,668.6875,641.7,50.924499999999995,51.128,50.5456,49.9935,-0.34,35.54,35.81,35.88,37.86,3741924.68,3741924.68,3741924.68,3122630.66,3122630.66,3122630.66,445.6387226639747,361.8255577908417,367.32264449316443,78.31607817081027,0.051622107698652824,1
2017-11-01,1818.64,649.65,660.375,698.8125,668.6875,51.315200000000004,50.924499999999995,51.128,50.5456,-0.6,34.29,35.54,35.81,35.88,3834414.19,3741924.68,3741924.68,3741924.68,3122630.66,3122630.66,666.4684752164774,445.6387226639747,388.9755171392564,277.492958077221,-0.07439647953613952,0
2017-12-01,1688.25,652.375,649.65,660.375,698.8125,50.707750000000004,51.315200000000004,50.924499999999995,51.128,-0.77,34.94,34.29,35.54,35.81,3834414.19,3834414.19,3741924.68,3741924.68,3741924.68,3122630.66,724.9153235882591,666.4684752164774,435.16586233087554,289.74946125738353,-0.090359328022177,0
2018-01-01,1542.39,619.45,652.375,649.65,660.375,50.1132,50.707750000000004,51.315200000000004,50.924499999999995,-0.86,33.08,34.94,34.29,35.54,3834414.19,3834414.19,3834414.19,3741924.68,3741924.68,3741924.68,640.4634585710648,724.9153235882591,500.40409226793463,140.05936630313022,0.030224738645035783,1
2018-02-01,1589.72,637.4375,619.45,652.375,649.65,50.892,50.1132,50.707750000000004,51.315200000000004,-0.77,31.48,33.08,34.94,34.29,3216923.87,3834414.19,3834414.19,3834414.19,3741924.68,3741924.68,560.5411049230928,640.4634585710648,544.9915070028857,15.549597920207134,0.07835351481048101,1
2018-03-01,1719.29,637.8125,637.4375,619.45,652.375,51.897,50.892,50.1132,50.707750000000004,-0.71,27.69,31.48,33.08,34.94,3216923.87,3216923.87,3834414.19,3834414.19,3834414.19,3741924.68,742.804360321773,560.5411049230928,566.6421071256184,176.16225319615455,0.08389866547778128,1
2018-04-01,1869.76,620.125,637.8125,637.4375,619.45,52.0865,51.897,50.892,50.1132,-0.57,24.4,27.69,31.48,33.08,3216923.87,3216923.87,3216923.87,3834414.19,3834414.19,3834414.19,975.7161616703228,742.804360321773,630.1385742141069,345.57758745621584,-0.1286473705871278,0
2018-05-01,1644.05,622.5,620.125,637.8125,637.4375,51.8694,52.0865,51.897,50.892,-0.39,23.73,24.4,27.69,31.48,3250790.75,3216923.87,3216923.87,3216923.87,3834414.19,3834414.19,1143.5771895825542,975.7161616703228,718.4848140484983,425.0923755340559,0.11531656769568308,1
2018-06-01,1845.0,609.1875,622.5,620.125,637.8125,52.44,51.8694,52.0865,51.897,-0.13,24.71,23.73,24.4,27.69,3250790.75,3250790.75,3216923.87,3216923.87,3216923.87,3834414.19,896.1052589202474,1143.5771895825542,798.0029331095111,98.10232581073626,-0.14188207444654383,0
2018-07-01,1600.95,588.25,609.1875,622.5,620.125,53.18325,52.44,51.8694,52.0865,0.06,19.78,24.71,23.73,24.4,3250790.75,3250790.75,3250790.75,3216923.87,3216923.87,3216923.87,1254.6482370516019,896.1052589202474,826.5345889981759,428.113648053426,-0.07533732494164536,0
2018-08-01,1484.77,547.85,588.25,609.1875,622.5,53.274800000000006,53.18325,52.44,51.8694,0.14,19.65,19.78,24.71,23.73,3930523.0,3250790.75,3250790.75,3250790.75,3216923.87,3216923.87,1015.486024715697,1254.6482370516019,928.898718744932,86.58730597076499,0.04577827284841917,1
2018-10-01,1554.32,538.05,544.5625,547.85,588.25,54.019600000000004,53.32625,53.274800000000006,53.18325,0.53,19.51,19.76,19.65,19.78,3930523.0,3930523.0,3930523.0,3250790.75,3250790.75,3250790.75,911.4918941226153,1015.486024715697,1004.7228720436993,-93.23097792108399,-0.06901952566598349,0
2018-11-01,1450.66,526.0,538.05,544.5625,547.85,53.5835,54.019600000000004,53.32625,53.274800000000006,0.81,17.34,19.51,19.76,19.65,3954103.0,3930523.0,3930523.0,3930523.0,3250790.75,3250790.75,1040.6579674002346,911.4918941226153,1032.8374610105063,7.82050638972828,-0.03994174840794554,0
2018-12-01,1393.86,487.75,526.0,538.05,544.5625,52.58075,53.5835,54.019600000000004,53.32625,0.97,15.09,17.34,19.51,19.76,3954103.0,3954103.0,3930523.0,3930523.0,3930523.0,3250790.75,995.1248288131884,1040.6579674002346,1043.661095298825,-48.5362664856367,-0.11354393812226476,0
2019-01-01,1244.25,498.75,487.75,526.0,538.05,52.713,52.58075,53.5835,54.019600000000004,0.92,15.84,15.09,17.34,19.51,3954103.0,3954103.0,3954103.0,3930523.0,3930523.0,3930523.0,916.8835967814932,995.1248288131884,1018.9190351705975,-102.03543838910423,-0.10642821647247157,0
2019-02-01,1118.63,540.375,498.75,487.75,526.0,52.37075,52.713,52.58075,53.5835,0.89,16.15,15.84,15.09,17.34,3216194.33,3954103.0,3954103.0,3954103.0,3930523.0,3930523.0,754.7607214443055,916.8835967814932,1022.3820914808051,-267.62137003649957,0.01115661338035484,1
2019-03-01,1131.18,552.875,540.375,498.75,487.75,52.082499999999996,52.37075,52.713,52.58075,0.86,14.29,16.15,15.84,15.09,3216194.33,3216194.33,3954103.0,3954103.0,3954103.0,3930523.0,683.1182699075566,754.7607214443055,939.0675055462556,-255.94923563869895,-0.09588938886855906,0
2019-04-01,1027.75,524.75,552.875,540.375,498.75,52.452,52.082499999999996,52.37075,52.713,0.84,13.61,14.29,16.15,15.84,3216194.33,3216194.33,3216194.33,3954103.0,3954103.0,3954103.0,719.3143971025967,683.1182699075566,883.672879744899,-164.3584826423023,-0.0986638876900911,0
2019-05-01,931.19,517.3125,524.75,552.875,540.375,51.795,52.452,52.082499999999996,52.37075,0.77,13.53,13.61,14.29,16.15,3226544.1,3216194.33,3216194.33,3216194.33,3954103.0,3954103.0,613.1117052574481,719.3143971025967,851.6432969082292,-238.53159165078114,-0.01617408488703539,0
2019-06-01,916.25,486.875,517.3125,524.75,552.875,52.2545,51.795,52.452,52.082499999999996,0.64,13.64,13.53,13.61,14.29,3226544.1,3226544.1,3216194.33,3216194.33,3216194.33,3954103.0,516.8564277565827,613.1117052574481,780.3855865510981,-263.5291587945154,-0.0011247796672511081,0
2019-07-01,915.22,482.25,486.875,517.3125,524.75,51.58579999999999,52.2545,51.795,52.452,0.52,13.53,13.64,13.53,13.61,3226544.1,3226544.1,3226544.1,3216194.33,3216194.33,3216194.33,499.93018958336444,516.8564277565827,700.6741863749971,-200.7439967916327,-0.019963694439562852,0
2019-08-01,897.13,481.875,482.25,486.875,517.3125,51.235,51.58579999999999,52.2545,51.795,0.33,13.44,13.53,13.64,13.53,3957577.12,3226544.1,3226544.1,3226544.1,3216194.33,3216194.33,498.8379694870044,499.93018958336444,631.1819518419757,-132.34398235497127,-0.0774739188371912,0
2019-09-01,830.25,519.125,481.875,482.25,486.875,52.22,51.235,51.58579999999999,52.2545,0.19,13.59,13.44,13.53,13.64,3957577.12,3957577.12,3226544.1,3226544.1,3226544.1,3216194.33,484.0425129944739,498.8379694870044,588.528159849092,-104.48564685461815,-0.08938258552540526,0
2019-10-01,759.26,523.7,519.125,481.875,482.25,51.89,52.22,51.235,51.58579999999999,0.23,13.59,13.59,13.44,13.53,3957577.12,3957577.12,3957577.12,3226544.1,3226544.1,3226544.1,414.535438978058,484.0425129944739,555.3488670302451,-140.81342805218708,0.047594049578880845,1
2019-11-01,796.27,544.625,523.7,519.125,481.875,51.13,51.89,52.22,51.235,0.39,13.42,13.59,13.59,13.44,3974520.04,3957577.12,3957577.12,3957577.12,3226544.1,3226544.1,342.6437805283141,414.535438978058,504.5523740094886,-161.90859348117448,-0.02956872354862511,0
2019-12-01,773.07,624.4375,544.625,523.7,519.125,50.7175,51.13,51.89,52.22,0.58,14.42,13.42,13.59,13.59,3974520.04,3974520.04,3957577.12,3957577.12,3957577.12,3226544.1,344.96840017964433,342.6437805283141,459.47438655463293,-114.5059863749886,-0.08449918024566624,0
2020-01-01,710.43,703.05,624.4375,544.625,523.7,50.814,50.7175,51.13,51.89,0.66,18.0,14.42,13.42,13.59,3974520.04,3974520.04,3974520.04,3957577.12,3957577.12,3957577.12,210.7952613171849,344.96840017964433,430.82638195847653,-220.03112064129164,-0.04589751478975954,0
2020-02-01,678.56,733.0625,703.05,624.4375,544.625,50.817499999999995,50.814,50.7175,51.13,0.64,20.1,18.0,14.42,13.42,3074815.87,3974520.04,3974520.04,3974520.04,3957577.12,3957577.12,82.59978590521155,210.7952613171849,382.6372272474466,-300.03744134223507,-0.014742062869549464,0
2020-03-01,668.63,649.9375,733.0625,703.05,624.4375,50.832499999999996,50.817499999999995,50.814,50.7175,0.63,18.05,20.1,18.0,14.42,3074815.87,3074815.87,3974520.04,3974520.04,3974520.04,3957577.12,114.92858996127177,82.59978590521155,313.2641966504811,-198.33560668920933,-0.011219849990021393,0
2020-04-01,661.17,545.95,649.9375,733.0625,703.05,50.914,50.832499999999996,50.817499999999995,50.814,0.53,16.35,18.05,20.1,18.0,3074815.87,3074815.87,3074815.87,3974520.04,3974520.04,3974520.04,158.90024094785417,114.92858996127177,251.74520947828077,-92.8449685304266,-0.039441558204148755,0
2020-05-01,635.6,508.375,545.95,649.9375,733.0625,50.635,50.914,50.832499999999996,50.817499999999995,0.3,16.05,16.35,18.05,20.1,3166330.54,3074815.87,3074815.87,3074815.87,3974520.04,3974520.04,158.03599237305264,158.90024094785417,209.1393431399135,-51.10335076686087,0.03358631424447439,1
2020-07-01,657.31,553.6875,491.05,508.375,545.95,49.94,50.416,50.635,50.914,-0.23,17.7,16.48,16.05,16.35,3166330.54,3166330.54,3166330.54,3074815.87,3074815.87,3074815.87,73.02014226595725,158.03599237305264,178.3713784473699,-105.35123618141265,0.09009496276948206,1
2020-08-01,719.28,584.375,553.6875,491.05,508.375,49.3175,49.94,50.416,50.635,-0.36,18.43,17.7,16.48,16.05,3897808.58,3166330.54,3166330.54,3166330.54,3074815.87,3074815.87,64.13377951095947,73.02014226595725,133.04666879508872,-68.91288928412925,0.006582116314820834,1
2020-09-01,724.03,651.95,584.375,553.6875,491.05,48.664,49.3175,49.94,50.416,-0.53,18.91,18.43,17.7,16.48,3897808.58,3897808.58,3166330.54,3166330.54,3166330.54,3074815.87,102.4816888074754,64.13377951095947,108.60308849405116,-6.121399686575771,-0.0062485049689409026,0
2020-10-01,719.52,681.25,651.95,584.375,553.6875,48.4875,48.664,49.3175,49.94,-0.85,19.81,18.91,18.43,17.7,3897808.58,3897808.58,3897808.58,3166330.54,3166330.54,3166330.54,75.52379851622686,102.4816888074754,111.9167389777618,-36.392940461534934,0.16538063034504308,1
2020-11-01,848.92,694.125,681.25,651.95,584.375,48.485,48.4875,48.664,49.3175,-1.12,21.07,19.81,18.91,18.43,3957818.98,3897808.58,3897808.58,3897808.58,3166330.54,3166330.54,29.73048892555539,75.52379851622686,105.34927373692096,-75.61878481136557,0.19460077140800797,1
2020-12-01,1031.29,790.8,694.125,681.25,651.95,48.156,48.485,48.4875,48.664,-1.2,25.85,21.07,19.81,18.91,3957818.98,3957818.98,3897808.58,3897808.58,3897808.58,3166330.54,-3.13885106209068,29.73048892555539,83.8209817332045,-86.95983279529518,-0.027097347881428535,0
2021-01-01,1003.72,839.75,790.8,694.125,681.25,48.0575,48.156,48.485,48.4875,-1.08,28.57,25.85,21.07,19.81,3957818.98,3957818.98,3957818.98,3897808.58,3897808.58,3897808.58,87.64527546779686,-3.13885106209068,56.95850782734728,30.68676764044958,-0.1731737123099077,0
2021-02-01,844.12,871.05,839.75,790.8,694.125,48.058,48.0575,48.156,48.485,-0.91,29.84,28.57,25.85,21.07,3050782.3,3957818.98,3957818.98,3957818.98,3897808.58,3897808.58,18.13842429815304,87.64527546779686,59.396030027653886,-41.257605729500845,-0.007610748813801693,0
2021-03-01,837.72,869.8125,871.05,839.75,790.8,48.4625,48.058,48.0575,48.156,-0.79,28.97,29.84,28.57,25.85,3050782.3,3050782.3,3957818.98,3957818.98,3957818.98,3897808.58,-104.7399841965846,18.13842429815304,51.730137492186145,-156.47012168877075,-0.0038391895167317696,0
2021-04-01,834.51,926.0,869.8125,871.05,839.75,48.484249999999996,48.4625,48.058,48.0575,-0.71,29.64,28.97,29.84,28.57,3050782.3,3050782.3,3050782.3,3957818.98,3957818.98,3957818.98,-132.64912085097842,-104.7399841965846,17.19319199150948,-149.8423128424879,-0.0026157294557012274,0
2021-05-01,832.33,910.4375,926.0,869.8125,871.05,48.33,48.484249999999996,48.4625,48.058,-0.55,30.3,29.64,28.97,29.84,3195976.84,3050782.3,3050782.3,3050782.3,3957818.98,3957818.98,-160.63252214438432,-132.64912085097842,-17.5022945696914,-143.13022757469292,0.09620212901253183,1
2021-06-01,916.38,1014.65,910.4375,926.0,869.8125,47.757,48.33,48.484249999999996,48.4625,-0.39,31.3,30.3,29.64,28.97,3195976.84,3195976.84,3050782.3,3050782.3,3050782.3,3957818.98,-207.98952766169748,-160.63252214438432,-49.22946308134802,-158.76006458034945,-0.031110344640052884,0
2021-07-01,888.31,893.5625,1014.65,910.4375,926.0,48.4775,47.757,48.33,48.484249999999996,-0.3,31.61,31.3,30.3,29.64,3195976.84,3195976.84,3195976.84,3050782.3,3050782.3,3050782.3,-118.62805888511537,-207.98952766169748,-83.37124251461582,-35.25681637049955,0.09955744204209134,1
2021-08-01,981.3,950.8125,893.5625,1014.65,910.4375,50.1275,48.4775,47.757,48.33,-0.35,31.69,31.61,31.3,30.3,3974567.94,3195976.84,3195976.84,3195976.84,3050782.3,3050782.3,-115.16289016183339,-118.62805888511537,-117.75013157343453,2.5872414116011413,0.05248589794345712,1
2021-09-01,1034.18,1017.2,950.8125,893.5625,1014.65,50.236000000000004,50.1275,48.4775,47.757,-0.45,30.64,31.69,31.61,31.3,3974567.94,3974567.94,3195976.84,3195976.84,3195976.84,3050782.3,13.171155447873389,-115.16289016183339,-139.9670173167656,153.138172764639,0.07825448430493116,1
2021-10-01,1118.36,1042.3125,1017.2,950.8125,893.5625,50.34425,50.236000000000004,50.1275,48.4775,-0.63,29.44,30.64,31.69,31.61,3974567.94,3974567.94,3974567.94,3195976.84,3195976.84,3195976.84,105.96756799120601,13.171155447873389,-120.31516070935594,226.28272870056196,0.2021806961511354,1
2021-11-01,1368.95,1166.35,1042.3125,1017.2,950.8125,50.5382,50.34425,50.236000000000004,50.1275,-0.76,33.14,29.44,30.64,31.69,4099874.75,3974567.94,3974567.94,3974567.94,3195976.84,3195976.84,77.50032151571281,105.96756799120601,-80.54571256899186,158.04603408470467,0.06778391571217558,1
2021-12-01,1464.96,1148.875,1166.35,1042.3125,1017.2,50.29,50.5382,50.34425,50.236000000000004,-0.91,34.55,33.14,29.44,30.64,4099874.75,4099874.75,3974567.94,3974567.94,3974567.94,3195976.84,278.44950603957363,77.50032151571281,-40.856905292309,319.30641133188266,-0.001290970558696751,0
2022-01-01,1463.07,1093.6875,1148.875,1166.35,1042.3125,50.305,50.29,50.5382,50.34425,-0.87,33.05,34.55,33.14,29.44,4099874.75,4099874.75,4099874.75,3974567.94,3974567.94,3974567.94,422.1150052615553,278.44950603957363,40.21626699123618,381.89873827031914,-0.012773726859160572,0
2022-03-01,1444.5,1369.9375,1227.7,1093.6875,1148.875,51.482,51.239999999999995,50.305,50.29,-0.79,39.5,36.18,33.05,34.55,3116932.83,3116932.83,4099874.75,4099874.75,4099874.75,3974567.94,245.19942973441766,422.1150052615553,130.3401110156813,114.85931871873638,0.06444116437363313,1
2022-04-01,1540.65,1448.8125,1369.9375,1227.7,1093.6875,52.055,51.482,51.239999999999995,50.305,-0.86,42.53,39.5,36.18,33.05,3116932.83,3116932.83,3116932.83,4099874.75,4099874.75,4099874.75,147.64212836544993,245.19942973441766,190.4004976650565,-42.75836929960656,0.07439630608163625,1
2022-05-01,1659.64,1428.9375,1448.8125,1369.9375,1227.7,52.095,52.055,51.482,51.239999999999995,-0.95,42.73,42.53,39.5,36.18,3262783.79,3116932.83,3116932.83,3116932.83,4099874.75,4099874.75,238.69401909210433,147.64212836544993,212.81232648465257,25.881692607451754,0.032952301138518096,1
2022-06-01,1715.24,1434.95,1428.9375,1448.8125,1369.9375,52.422000000000004,52.095,52.055,51.482,-0.9,38.04,42.73,42.53,39.5,3262783.79,3262783.79,3116932.83,3116932.83,3116932.83,4099874.75,507.81533896165024,238.69401909210433,234.9334016681356,272.8819372935146,-0.026322283338105237,0
2022-07-01,1670.68,1247.1875,1434.95,1428.9375,1448.8125,54.2025,52.422000000000004,52.095,52.055,-0.78,35.72,38.04,42.73,42.53,3262783.79,3262783.79,3262783.79,3116932.83,3116932.83,3116932.83,669.1920741956053,507.81533896165024,306.6525712424586,362.5395029531467,-0.05322061921987457,0
2022-08-01,1584.09,892.65,1247.1875,1434.95,1428.9375,55.8162,54.2025,52.422000000000004,52.095,-0.76,31.34,35.72,38.04,42.73,4016186.92,3262783.79,3262783.79,3262783.79,3116932.83,3116932.83,779.4328039165738,669.1920741956053,371.7763326017971,407.6564713147767,-0.058794016141210964,0
2022-09-01,1493.64,916.5625,892.65,1247.1875,1434.95,56.1625,55.8162,54.2025,52.422000000000004,-0.87,27.34,31.34,35.72,38.04,4016186.92,4016186.92,3262783.79,3262783.79,3262783.79,3116932.83,811.3889023489802,779.4328039165738,431.32929904430017,380.05960330468,-0.0058013215640866245,0
2022-10-01,1485.0,825.3125,916.5625,892.65,1247.1875,57.9025,56.1625,55.8162,54.2025,-0.97,25.95,27.34,31.34,35.72,4016186.92,4016186.92,4016186.92,3262783.79,3262783.79,3262783.79,782.2635276460226,811.3889023489802,525.6942111467273,256.56931649929527,0.2583988887896025,1
2022-11-01,1922.86,840.75,825.3125,916.5625,892.65,58.64,57.9025,56.1625,55.8162,-0.94,24.18,25.95,27.34,31.34,4136614.24,4016186.92,4016186.92,4016186.92,3262783.79,3262783.79,830.4817124667056,782.2635276460226,631.4644443601561,199.01726810654952,0.019477690804329924,1
2022-12-01,1960.68,901.5625,840.75,825.3125,916.5625,56.71,58.64,57.9025,56.1625,-0.85,24.51,24.18,25.95,27.34,4136614.24,4136614.24,4016186.92,4016186.92,4016186.92,3262783.79,1236.8299893358858,830.4817124667056,730.0957265892563,506.7342627466295,-0.14518981966547537,0
2023-01-01,1695.71,897.4375,901.5625,840.75,825.3125,55.43875,56.71,58.64,57.9025,-0.71,23.6,24.51,24.18,25.95,4136614.24,4136614.24,4136614.24,4016186.92,4016186.92,4016186.92,1284.9736130356932,1236.8299893358858,851.5981683182955,433.3754447173977,0.1730832600592927,1
2023-02-01,2016.14,910.3,897.4375,901.5625,840.75,54.598400000000005,55.43875,56.71,58.64,-0.54,21.98,23.6,24.51,24.18,3160829.35,4136614.24,4136614.24,4136614.24,4016186.92,4016186.92,1056.7006354602172,1284.9736130356932,954.2284247916435,102.47221066857367,0.06330117266460111,1
2023-03-01,2147.89,930.25,910.3,897.4375,901.5625,54.89625,54.598400000000005,55.43875,56.71,-0.29,21.95,21.98,23.6,24.51,3160829.35,3160829.35,4136614.24,4136614.24,4136614.24,4016186.92,1381.4651389435558,1056.7006354602172,1000.4397300489173,381.0254088946384,0.03761427040747765,1
2023-04-01,2230.22,891.375,930.25,910.3,897.4375,54.601,54.89625,54.598400000000005,55.43875,-0.02,22.45,21.95,21.98,23.6,3160829.35,3160829.35,3160829.35,4136614.24,4136614.24,4136614.24,1495.2477290723496,1381.4651389435558,1095.4524361480132,399.7952929243363,-0.06273285678775187,0
2023-05-01,2094.61,839.8,891.375,930.25,910.3,55.312599999999996,54.601,54.89625,54.598400000000005,0.27,22.17,22.45,21.95,21.98,3302261.86,3160829.35,3160829.35,3160829.35,4136614.24,4136614.24,1594.0091512878403,1495.2477290723496,1214.2831363857347,379.7260149021056,-0.14420244456398204,0
2023-06-01,1813.33,775.9375,839.8,891.375,930.25,55.8515,55.312599999999996,54.601,54.89625,0.57,22.23,22.17,22.45,21.95,3302261.86,3302261.86,3160829.35,3160829.35,3160829.35,4136614.24,1462.832620955314,1594.0091512878403,1341.5377095225904,121.29491143272367,-0.0642426084976448,0
2023-07-01,1700.5,754.3125,775.9375,839.8,891.375,55.691,55.8515,55.312599999999996,54.601,0.84,22.23,22.23,22.17,22.45,3302261.86,3302261.86,3302261.86,3160829.35,3160829.35,3160829.35,1179.7318551343253,1462.832620955314,1379.204814792495,-199.47295965816966,-0.09879581240345793,0
2023-08-01,1540.53,849.9,754.3125,775.9375,839.8,55.0332,55.691,55.8515,55.312599999999996,1.12,23.01,22.23,22.23,22.17,3951409.9,3302261.86,3302261.86,3302261.86,3160829.35,3160829.35,1036.8313504610032,1179.7318551343253,1361.6645218089336,-324.8331713479304,-0.10673689094200821,0
2023-09-01,1384.57,840.6875,849.9,754.3125,775.9375,56.46,55.0332,55.691,55.8515,1.37,23.39,23.01,22.23,22.23,3951409.9,3951409.9,3302261.86,3302261.86,3302261.86,3160829.35,882.9496931104477,1036.8313504610032,1358.3529743090646,-475.4032811986169,-0.10376722717737616,0
2023-10-01,1248.1,815.8125,840.6875,849.9,754.3125,56.753,56.46,55.0332,55.691,1.6,23.43,23.39,23.01,22.23,3951409.9,3951409.9,3951409.9,3302261.86,3302261.86,3302261.86,729.2658541314786,882.9496931104477,1275.2670666702134,-546.0012125387348,-0.11897555798212824,0
2023-12-01,1108.1,821.125,782.55,815.8125,840.6875,55.56825,56.650999999999996,56.753,56.46,1.99,23.33,22.89,23.43,23.39,4051884.41,4051884.41,3951409.9,3951409.9,3951409.9,3302261.86,581.6808482047566,729.2658541314786,1147.603420846735,-565.9225726419784,0.05713083873224731,1
2024-01-01,1173.25,800.5,821.125,782.55,815.8125,55.5096,55.56825,56.650999999999996,56.753,2.06,23.78,23.33,22.89,23.43,4051884.41,4051884.41,4051884.41,3951409.9,3951409.9,3951409.9,428.10893996656887,581.6808482047566,978.8820369995542,-550.7730970329853,-0.012729300483650634,0
2024-02-01,1158.41,811.5,800.5,821.125,782.55,56.02625,55.5096,55.56825,56.650999999999996,1.92,23.61,23.78,23.33,22.89,3049947.29,4051884.41,4051884.41,4051884.41,3951409.9,3951409.9,504.34586173997945,428.10893996656887,806.4280901680967,-302.0822284281172,-0.07147718836166536,0
2024-03-01,1078.5,811.5625,811.5,800.5,821.125,55.9575,56.02625,55.5096,55.56825,1.62,24.03,23.61,23.78,23.33,3049947.29,3049947.29,4051884.41,4051884.41,4051884.41,3951409.9,476.7702351274246,504.34586173997945,693.8637579357058,-217.09352280828125,0.007546787343390547,1
2024-04-01,1086.67,881.75,811.5625,811.5,800.5,56.017999999999994,55.9575,56.02625,55.5096,1.26,24.19,24.03,23.61,23.78,3049947.29,3049947.29,3049947.29,4051884.41,4051884.41,4051884.41,393.06272275294725,476.7702351274246,600.5202387134426,-207.45751596049536,0.025512190334984537,1
2024-05-01,1114.75,857.6875,881.75,811.5625,811.5,57.2265,56.017999999999994,55.9575,56.02625,0.82,26.61,24.19,24.03,23.61,3171843.39,3049947.29,3049947.29,3049947.29,4051884.41,4051884.41,348.58370714450064,393.06272275294725,518.8724103205259,-170.28870317602525,-0.037286724457313715,0
2024-06-01,1073.95,817.8125,857.6875,881.75,811.5625,57.97125,57.2265,56.017999999999994,55.9575,0.49,26.9,26.61,24.19,24.03,3171843.39,3171843.39,3049947.29,3049947.29,3049947.29,4051884.41,378.20537316492744,348.58370714450064,455.4253858226962,-77.22001265776879,-0.02475569945390325,0
2024-07-01,1047.69,840.45,817.8125,857.6875,881.75,58.64919999999999,57.97125,57.2265,56.017999999999994,0.22,33.04,26.9,26.61,24.19,3171843.39,3171843.39,3171843.39,3049947.29,3049947.29,3049947.29,179.74437665911137,378.20537316492744,421.5128066493914,-241.76842999028003,-0.03393808591888599,0
2024-08-01,1012.73,847.8125,840.45,817.8125,857.6875,58.25725,58.64919999999999,57.97125,57.2265,0.08,33.66,33.04,26.9,26.61,3947638.97,3171843.39,3171843.39,3171843.39,3049947.29,3049947.29,130.57545325137335,179.74437665911137,380.11871276481514,-249.5432595134418,0.033642153083933195,1
2024-09-01,1047.38,846.4375,847.8125,840.45,817.8125,56.740249999999996,58.25725,58.64919999999999,57.97125,-0.07,32.93,33.66,33.04,26.9,3947638.97,3947638.97,3171843.39,3171843.39,3171843.39,3049947.29,91.51725825421522,130.57545325137335,317.8236446833808,-226.30638642916557,0.04819075691885017,1
2024-10-01,1099.09,924.3,846.4375,847.8125,840.45,56.021,56.740249999999996,58.25725,58.64919999999999,-0.17,36.46,32.93,33.66,33.04,3947638.97,3947638.97,3947638.97,3171843.39,3171843.39,3171843.39,14.320685224900217,91.51725825421522,253.61481520451255,-239.29412997961234,-0.02526438526158675,0
2024-11-01,1071.67,1028.875,924.3,846.4375,847.8125,57.929,56.021,56.740249999999996,58.25725,-0.21,36.52,36.46,32.93,33.66,3905697.16,3947638.97,3947638.97,3947638.97,3171843.39,3171843.39,98.41237794103176,14.320685224900217,190.49114228317137,-92.0787643421396,-0.023833808401943265,0
2024-12-01,1046.43,1118.4375,1028.875,924.3,846.4375,58.692499999999995,57.929,56.021,56.740249999999996,-0.3,51.68,36.52,36.46,32.93,3905697.16,3905697.16,3947638.97,3947638.97,3947638.97,3171843.39,-325.982954495822,98.41237794103176,148.7959207492599,-474.7788752450819,0.06306636497020501,1
2025-01-01,1114.55,1067.05,1118.4375,1028.875,924.3,58.24400000000001,58.692499999999995,57.929,56.021,-0.42,69.03,51.68,36.52,36.46,3905697.16,3905697.16,3905697.16,3947638.97,3947638.97,3947638.97,-834.818344403347,-325.982954495822,31.431199472468318,-866.2495438758153,-0.005163367832952549,0
2025-02-01,1108.81,958.3125,1067.05,1118.4375,1028.875,58.44925,58.24400000000001,58.692499999999995,57.929,-0.45,44.11,69.03,51.68,36.52,3045870.32,3905697.16,3905697.16,3905697.16,3947638.97,3947638.97,-83.34172685488738,-834.818344403347,-137.66258737127475,54.32086051638737,0.019434562151746385,1
2025-03-01,1130.57,1013.125,958.3125,1067.05,1118.4375,57.9155,58.44925,58.24400000000001,58.692499999999995,-0.24,49.37,44.11,69.03,51.68,3045870.32,3045870.32,3905697.16,3905697.16,3905697.16,3947638.97,-244.28337509094058,-83.34172685488738,-173.31545072231822,-70.96792436862236,0.03563133482955318,1
2025-04-01,1171.58,999.85,1013.125,958.3125,1067.05,57.3582,57.9155,58.44925,58.24400000000001,-0.06,53.03,49.37,44.11,69.03,3045870.32,3045870.32,3045870.32,3905697.16,3905697.16,3905697.16,-336.9551868887654,-244.28337509094058,-229.28222294651084,-107.67296394225457,0.09462866096903622,1
2025-05-01,1287.86,927.8125,999.85,1013.125,958.3125,56.455749999999995,57.3582,57.9155,58.44925,0.02,60.47,53.03,49.37,44.11,3265637.92,3045870.32,3045870.32,3045870.32,3905697.16,3905697.16,-528.5856515789267,-336.9551868887654,-287.82820163212176,-240.7574499468049,0.10135127808305351,1
2025-06-01,1425.23,894.3125,927.8125,999.85,1013.125,55.60425,56.455749999999995,57.3582,57.9155,-0.02,62.15,60.47,53.03,49.37,3265637.92,3265637.92,3045870.32,3045870.32,3045870.32,3905697.16,-486.29923514468123,-528.5856515789267,-392.3278732187816,-93.97136192589966,-0.016618882148760852,0
2025-08-01,1401.74,988.625,939.8,894.3125,927.8125,57.10075,56.4582,55.60425,56.455749999999995,-0.14,53.52,61.68,62.15,60.47,3852636.86,3265637.92,3265637.92,3265637.92,3045870.32,3045870.32,-62.53296199928991,-486.29923514468123,-419.0472533269247,356.5142913276348,-0.002750365174645348,0
2025-09-01,1397.89,1038.5,988.625,939.8,894.3125,56.846399999999996,57.10075,56.4582,55.60425,-0.28,53.34,53.52,61.68,62.15,3852636.86,3852636.86,3265637.92,3265637.92,3265637.92,3045870.32,-87.65364087552894,-62.53296199928991,-290.33302292624853,202.6793820507196,0.053253257816776194,1
2025-10-01,1474.35,1055.25,1038.5,988.625,939.8,57.548,56.846399999999996,57.10075,56.4582,-0.4,51.6,53.34,53.52,61.68,3852636.86,3852636.86,3852636.86,3265637.92,3265637.92,3265637.92,-25.35254369851077,-87.65364087552894,-291.0516752630221,265.69913156451133,0.09336907579019116,1
