"Date","Price","Open","High","Low","Vol.","Change %"
"04/19/2026","60.703","59.910","60.788","59.705","","1.74%"
"04/12/2026","59.666","59.923","60.478","59.389","","-0.45%"
"04/05/2026","59.938","60.194","60.599","59.316","","-0.48%"
"03/29/2026","60.226","60.645","60.860","60.063","","-0.50%"
"03/22/2026","60.531","60.112","60.613","59.248","","1.15%"
"03/15/2026","59.842","59.745","60.363","59.482","","0.12%"
"03/08/2026","59.771","59.016","59.889","58.784","","1.19%"
"03/01/2026","59.068","57.686","59.309","57.667","","2.39%"
"02/22/2026","57.690","58.042","58.180","57.442","","-0.68%"
"02/15/2026","58.085","57.896","58.189","57.792","","0.20%"
"02/08/2026","57.969","58.542","58.603","57.781","","-1.02%"
"02/01/2026","58.569","58.909","59.187","58.419","","-0.56%"
"01/25/2026","58.900","59.122","59.197","58.676","","-0.24%"
"01/18/2026","59.042","59.345","59.525","58.901","","-0.58%"
"01/11/2026","59.385","59.165","59.560","59.162","","0.26%"
"01/04/2026","59.231","58.838","59.373","58.805","","0.67%"
"12/28/2025","58.838","58.767","58.987","58.736","","0.14%"
"12/21/2025","58.755","58.660","58.888","58.561","","0.19%"
"12/14/2025","58.646","59.106","59.134","58.494","","-0.75%"
"12/07/2025","59.087","59.005","59.387","58.908","","0.25%"
"11/30/2025","58.940","58.633","59.213","58.334","","0.52%"
"11/23/2025","58.633","58.807","59.008","58.588","","-0.22%"
"11/16/2025","58.761","59.050","59.256","58.698","","-0.53%"
"11/09/2025","59.075","59.050","59.214","58.740","","0.20%"
"11/02/2025","58.959","58.797","59.177","58.519","","0.38%"
"10/26/2025","58.734","58.713","59.277","58.470","","-0.08%"
"10/19/2025","58.783","58.161","58.783","58.068","","1.08%"
"10/12/2025","58.156","58.279","58.357","57.961","","-0.22%"
"10/05/2025","58.282","57.911","58.519","57.799","","0.60%"
"09/28/2025","57.936","58.158","58.437","57.835","","-0.37%"
"09/21/2025","58.153","57.041","58.417","56.860","","2.07%"
"09/14/2025","56.971","57.169","57.430","56.695","","-0.28%"
"09/07/2025","57.132","56.668","57.272","56.501","","0.77%"
"08/31/2025","56.695","57.164","57.504","56.567","","-0.79%"
"08/24/2025","57.146","56.600","57.284","56.557","","1.22%"
"08/17/2025","56.457","57.006","57.304","56.414","","-1.06%"
"08/10/2025","57.064","56.970","57.230","56.564","","0.34%"
"08/03/2025","56.870","57.736","57.804","56.741","","-1.47%"
"07/27/2025","57.720","57.141","58.582","57.002","","0.98%"
"07/20/2025","57.158","57.158","57.243","56.592","","0.26%"
"07/13/2025","57.010","56.496","57.334","56.454","","0.88%"
"07/06/2025","56.515","56.447","56.775","56.365","","0.14%"
"06/29/2025","56.434","56.549","56.658","56.156","","-0.25%"
"06/22/2025","56.577","57.161","57.646","56.485","","-1.07%"
"06/15/2025","57.187","56.221","57.457","56.153","","1.67%"
"06/08/2025","56.250","55.701","56.293","55.649","","0.73%"
"06/01/2025","55.843","55.810","55.923","55.503","","0.02%"
"05/25/2025","55.831","55.220","55.885","55.127","","0.76%"
"05/18/2025","55.408","55.808","55.879","55.244","","-0.72%"
"05/11/2025","55.809","55.469","55.939","55.323","","0.79%"
"05/04/2025","55.369","55.593","55.887","55.275","","-0.52%"
"04/27/2025","55.661","56.273","56.440","55.471","","-0.94%"
"04/20/2025","56.190","56.760","56.771","56.149","","-0.95%"
"04/13/2025","56.730","57.093","57.129","56.530","","-0.89%"
"04/06/2025","57.242","57.341","57.609","56.908","","-0.28%"
"03/30/2025","57.400","57.370","57.470","56.761","","0.07%"
"03/23/2025","57.360","57.297","57.783","57.277","","0.06%"
"03/16/2025","57.324","57.268","57.384","57.116","","0.13%"
"03/09/2025","57.250","57.350","57.543","57.140","","-0.36%"
"03/02/2025","57.457","57.961","57.988","56.601","","-0.85%"
"02/23/2025","57.952","57.930","58.029","57.778","","0.14%"
"02/16/2025","57.872","57.700","58.286","57.700","","0.25%"
"02/09/2025","57.728","58.060","58.342","57.662","","-0.66%"
"02/02/2025","58.110","58.456","58.715","57.757","","-0.52%"
"01/26/2025","58.411","58.290","58.575","58.265","","0.19%"
"01/19/2025","58.300","58.560","58.785","57.977","","-0.25%"
"01/12/2025","58.444","58.652","58.862","58.349","","-0.34%"
"01/05/2025","58.642","58.110","58.719","57.872","","0.99%"
"12/29/2024","58.067","57.910","58.204","57.764","","0.27%"
"12/22/2024","57.908","58.810","58.810","57.740","","-1.42%"
"12/15/2024","58.744","58.600","59.175","58.585","","0.14%"
"12/08/2024","58.661","57.920","59.034","57.910","","1.42%"
"12/01/2024","57.840","58.610","58.810","57.700","","-1.33%"
"11/24/2024","58.620","58.830","59.090","58.495","","-0.58%"
"11/17/2024","58.960","58.640","59.110","58.603","","0.39%"
"11/10/2024","58.730","58.375","59.088","58.375","","0.46%"
"11/03/2024","58.460","58.460","58.910","58.160","","0.00%"
"10/27/2024","58.461","58.365","58.566","58.110","","-0.16%"
"10/20/2024","58.555","57.490","58.565","57.275","","1.87%"
"10/13/2024","57.480","57.160","57.915","57.160","","0.45%"
"10/06/2024","57.220","56.330","57.586","56.330","","1.63%"
"09/29/2024","56.300","55.930","56.450","55.930","","0.57%"
"09/22/2024","55.980","55.660","56.320","55.610","","0.59%"
"09/15/2024","55.650","55.950","55.975","55.410","","-0.62%"
"09/08/2024","56.000","56.190","56.595","55.793","","-0.31%"
"09/01/2024","56.175","56.210","56.725","55.832","","-0.08%"
"08/25/2024","56.221","55.970","56.330","55.950","","-0.32%"
"08/18/2024","56.400","57.094","57.094","56.250","","-1.19%"
"08/11/2024","57.080","57.257","57.415","56.742","","-0.31%"
"08/04/2024","57.260","57.960","58.030","57.190","","-1.16%"
"07/28/2024","57.930","58.450","58.716","57.736","","-0.72%"
"07/21/2024","58.348","58.335","58.590","58.310","","0.00%"
"07/14/2024","58.350","58.410","58.580","58.155","","-0.09%"
"07/07/2024","58.401","58.530","58.630","58.135","","-0.21%"
"06/30/2024","58.526","58.560","58.840","58.470","","0.08%"
"06/23/2024","58.480","58.870","58.959","58.460","","-0.65%"
"06/16/2024","58.860","58.660","58.910","58.576","","0.29%"
"06/09/2024","58.690","58.760","58.830","58.490","","0.00%"
"06/02/2024","58.690","58.560","58.810","58.415","","0.20%"
"05/26/2024","58.575","58.110","58.730","57.910","","0.68%"
"05/19/2024","58.180","57.630","58.290","57.615","","0.87%"
"05/12/2024","57.680","57.640","57.900","57.235","","0.40%"
"05/05/2024","57.450","57.250","57.460","57.110","","0.56%"
"04/28/2024","57.130","57.800","57.847","57.063","","-0.99%"
"04/21/2024","57.700","57.590","57.975","57.320","","0.39%"
"04/14/2024","57.476","56.560","57.664","56.560","","1.55%"
"04/07/2024","56.600","56.640","56.674","56.368","","0.18%"
"03/31/2024","56.500","56.210","56.680","56.110","","0.61%"
"03/24/2024","56.160","56.390","56.435","56.118","","-0.30%"
"03/17/2024","56.330","55.640","56.372","55.510","","1.44%"
"03/10/2024","55.530","55.590","55.595","55.257","","-0.07%"
"03/03/2024","55.570","56.110","56.110","55.580","","-0.94%"
"02/25/2024","56.100","55.930","56.280","55.910","","0.38%"
"02/18/2024","55.890","55.910","56.130","55.660","","-0.11%"
"02/11/2024","55.950","55.890","56.330","55.890","","0.11%"
"02/04/2024","55.890","56.010","56.415","55.862","","-0.04%"
"01/28/2024","55.910","56.320","56.540","55.810","","-0.72%"
"01/21/2024","56.315","55.910","56.570","55.910","","0.60%"
"01/14/2024","55.980","55.840","56.132","55.765","","0.14%"
"01/07/2024","55.900","55.540","56.400","55.455","","0.52%"
"12/31/2023","55.610","55.404","55.820","55.404","","0.40%"
"12/24/2023","55.388","55.368","55.952","55.323","","0.00%"
"12/17/2023","55.390","55.770","56.010","55.313","","-0.59%"
"12/10/2023","55.720","55.500","56.085","55.490","","0.51%"
"12/03/2023","55.440","55.375","55.470","55.225","","-0.04%"
"11/26/2023","55.460","55.460","55.555","55.280","","0.07%"
"11/19/2023","55.420","55.480","55.630","55.310","","-0.25%"
"11/12/2023","55.560","55.900","56.140","55.550","","-0.49%"
"11/05/2023","55.833","55.780","56.280","55.758","","-0.42%"
"10/29/2023","56.070","56.980","56.980","55.940","","-1.58%"
"10/22/2023","56.970","56.760","57.050","56.690","","0.38%"
"10/15/2023","56.755","56.850","56.910","56.660","","-0.04%"
"10/08/2023","56.780","56.690","57.010","56.635","","0.18%"
"10/01/2023","56.680","56.658","56.920","56.570","","-0.02%"
"09/24/2023","56.690","56.800","57.195","56.532","","-0.21%"
"09/17/2023","56.812","56.860","56.956","56.580","","-0.07%"
"09/10/2023","56.850","56.680","56.917","56.565","","0.34%"
"09/03/2023","56.660","56.610","57.060","56.490","","0.23%"
"08/27/2023","56.530","56.620","56.810","56.470","","-0.12%"
"08/20/2023","56.596","56.290","56.865","56.090","","0.81%"
"08/13/2023","56.142","56.510","56.975","56.140","","-0.76%"
"08/06/2023","56.572","55.660","56.683","55.600","","1.60%"
"07/30/2023","55.680","54.900","55.770","54.710","","1.41%"
"07/23/2023","54.904","54.700","54.960","54.465","","0.34%"
"07/16/2023","54.720","54.400","54.768","54.305","","0.70%"
"07/09/2023","54.340","55.590","55.729","54.310","","-2.13%"
"07/02/2023","55.522","55.240","55.699","55.010","","0.47%"
"06/25/2023","55.264","55.710","55.805","55.078","","-0.85%"
"06/18/2023","55.740","55.780","55.980","55.520","","0.09%"
"06/11/2023","55.690","56.080","56.135","55.691","","-0.68%"
"06/04/2023","56.070","55.990","56.292","55.922","","0.10%"
"05/28/2023","56.013","55.800","56.438","55.758","","0.20%"
"05/21/2023","55.900","55.710","56.141","55.572","","0.47%"
"05/14/2023","55.639","55.850","56.270","55.616","","-0.38%"
"05/07/2023","55.854","55.300","56.030","55.215","","1.02%"
"04/30/2023","55.290","55.510","55.567","55.115","","-0.32%"
"04/23/2023","55.470","55.985","56.022","55.345","","-0.73%"
"04/16/2023","55.880","55.270","56.497","55.265","","0.98%"
"04/09/2023","55.339","54.490","55.405","54.490","","1.38%"
"04/02/2023","54.584","54.320","54.850","54.280","","0.59%"
"03/26/2023","54.266","54.350","54.555","54.106","","-0.02%"
"03/19/2023","54.278","54.690","54.735","54.211","","-0.77%"
"03/12/2023","54.700","55.170","55.170","54.615","","-0.83%"
"03/05/2023","55.160","54.760","55.490","54.755","","0.75%"
"02/26/2023","54.750","54.915","55.638","54.735","","-0.22%"
"02/19/2023","54.870","55.280","55.320","54.870","","-1.14%"
"02/12/2023","55.500","54.460","55.535","54.410","","1.90%"
"02/05/2023","54.465","53.710","55.185","53.710","","1.52%"
"01/29/2023","53.650","54.490","54.740","53.630","","-1.52%"
"01/22/2023","54.480","54.460","54.730","54.260","","0.06%"
"01/15/2023","54.450","54.890","55.015","54.425","","-0.82%"
"01/08/2023","54.900","55.250","55.432","54.760","","-1.10%"
"01/01/2023","55.512","55.590","56.145","55.522","","-0.28%"
"12/25/2022","55.670","55.190","56.295","55.138","","0.82%"
"12/18/2022","55.215","55.530","55.550","55.025","","-0.55%"
"12/11/2022","55.520","55.390","55.930","55.320","","0.31%"
"12/04/2022","55.350","55.730","56.125","55.160","","-0.63%"
"11/27/2022","55.700","56.720","56.885","55.720","","-1.75%"
"11/20/2022","56.690","57.207","57.503","56.580","","-1.00%"
"11/13/2022","57.260","57.230","57.595","57.110","","0.12%"
"11/06/2022","57.190","58.410","58.610","57.130","","-1.94%"
"10/30/2022","58.320","57.990","58.991","57.910","","0.55%"
"10/23/2022","58.000","58.890","58.944","57.815","","-1.44%"
"10/16/2022","58.850","59.000","59.083","58.670","","-0.24%"
"10/09/2022","58.990","59.010","59.181","58.810","","-0.08%"
"10/02/2022","59.040","58.710","59.110","58.400","","0.49%"
"09/25/2022","58.750","58.760","59.213","58.491","","0.02%"
"09/18/2022","58.740","57.415","58.835","57.310","","2.48%"
"09/11/2022","57.320","56.810","57.440","56.653","","0.92%"
"09/04/2022","56.800","56.780","57.360","56.770","","-0.14%"
"08/28/2022","56.880","56.110","56.932","56.060","","1.26%"
"08/21/2022","56.170","55.945","56.278","55.897","","0.41%"
"08/14/2022","55.940","55.630","56.100","55.630","","0.50%"
"08/07/2022","55.660","55.460","55.860","55.292","","0.21%"
"07/31/2022","55.541","55.290","55.840","55.145","","0.36%"
"07/24/2022","55.340","56.160","56.240","55.045","","-1.37%"
"07/17/2022","56.110","56.360","56.480","56.070","","-0.28%"
"07/10/2022","56.270","55.910","56.545","55.850","","0.81%"
"07/03/2022","55.820","55.110","56.140","54.968","","1.27%"
"06/26/2022","55.120","54.860","55.317","54.615","","0.42%"
"06/19/2022","54.890","53.750","54.990","53.750","","2.12%"
"06/12/2022","53.750","53.090","53.810","53.075","","1.32%"
"06/05/2022","53.050","52.860","53.100","52.800","","0.28%"
"05/29/2022","52.900","52.200","52.970","52.150","","1.28%"
"05/22/2022","52.230","52.230","52.490","52.145","","0.06%"
"05/15/2022","52.200","52.410","52.560","52.115","","-0.32%"
"05/08/2022","52.370","52.498","52.724","51.995","","-0.08%"
"05/01/2022","52.410","52.245","52.647","52.215","","0.19%"
"04/24/2022","52.310","52.380","52.490","51.960","","-0.04%"
"04/17/2022","52.330","52.230","52.544","52.135","","0.35%"
"04/10/2022","52.150","51.560","52.280","51.560","","1.09%"
"04/03/2022","51.590","51.610","51.665","51.140","","0.14%"
"03/27/2022","51.520","52.150","52.305","51.515","","-1.11%"
"03/20/2022","52.100","52.360","52.482","52.100","","-0.36%"
"03/13/2022","52.290","52.310","52.498","52.110","","-0.04%"
"03/06/2022","52.310","51.910","52.390","51.865","","0.71%"
"02/27/2022","51.940","51.310","52.070","51.180","","1.23%"
"02/20/2022","51.308","51.460","51.520","51.030","","-0.24%"
"02/13/2022","51.430","51.230","51.510","51.210","","0.35%"
"02/06/2022","51.250","51.140","51.561","51.140","","0.10%"
"01/30/2022","51.200","51.160","51.305","50.880","","0.16%"
"01/23/2022","51.120","51.310","51.460","51.110","","-0.25%"
"01/16/2022","51.250","51.275","51.628","51.165","","-0.12%"
"01/09/2022","51.310","51.310","51.465","50.940","","-0.02%"
"01/02/2022","51.320","51.130","51.452","50.860","","0.65%"
"12/26/2021","50.990","50.010","51.150","49.970","","1.94%"
"12/19/2021","50.020","49.960","50.265","49.810","","0.30%"
"12/12/2021","49.870","50.355","50.393","49.810","","-0.93%"
"12/05/2021","50.340","50.450","50.485","50.170","","-0.14%"
"11/28/2021","50.410","50.450","50.613","50.270","","-0.12%"
"11/21/2021","50.470","50.510","50.820","50.280","","0.00%"
"11/14/2021","50.470","49.790","50.679","49.765","","1.33%"
"11/07/2021","49.810","50.210","50.400","49.710","","-0.76%"
"10/31/2021","50.190","50.480","50.774","50.200","","-0.66%"
"10/24/2021","50.521","50.780","50.891","49.977","","-0.43%"
"10/17/2021","50.740","50.710","50.936","50.645","","0.08%"
"10/10/2021","50.700","50.560","50.940","50.510","","0.32%"
"10/03/2021","50.540","50.760","51.051","50.176","","-0.37%"
"09/26/2021","50.730","50.730","51.353","50.570","","0.10%"
"09/19/2021","50.680","50.050","50.952","50.005","","1.28%"
"09/12/2021","50.040","49.850","50.075","49.630","","0.23%"
"09/05/2021","49.927","49.830","50.359","49.780","","0.11%"
"08/29/2021","49.870","49.910","50.174","49.542","","0.02%"
"08/22/2021","49.860","50.370","50.410","49.658","","-0.93%"
"08/15/2021","50.330","50.460","50.900","50.173","","-0.44%"
"08/08/2021","50.550","50.510","50.688","50.259","","-0.04%"
"08/01/2021","50.570","49.990","50.817","49.538","","1.20%"
"07/25/2021","49.970","50.290","50.647","49.857","","-0.48%"
"07/18/2021","50.210","50.310","51.175","49.947","","-0.28%"
"07/11/2021","50.350","49.990","50.623","49.864","","0.74%"
"07/04/2021","49.980","49.110","50.370","49.100","","1.79%"
"06/27/2021","49.100","48.485","49.507","48.463","","1.15%"
"06/20/2021","48.540","48.440","48.925","48.360","","0.08%"
"06/13/2021","48.500","47.700","48.597","47.700","","1.53%"
"06/06/2021","47.770","47.735","47.877","47.530","","0.19%"
"05/30/2021","47.680","47.810","47.897","47.563","","0.01%"
"05/23/2021","47.675","47.960","48.217","47.708","","-0.49%"
"05/16/2021","47.910","47.790","48.028","47.708","","0.34%"
"05/09/2021","47.750","47.760","48.048","47.682","","-0.04%"
"05/02/2021","47.770","48.240","48.265","47.728","","-0.95%"
"04/25/2021","48.230","48.360","48.570","48.090","","0.00%"
"04/18/2021","48.230","48.370","48.548","48.195","","-0.19%"
"04/11/2021","48.320","48.550","48.813","48.292","","-0.45%"
"04/04/2021","48.540","48.510","48.975","48.435","","-0.01%"
"03/28/2021","48.547","48.500","48.695","48.398","","0.28%"
"03/21/2021","48.410","48.600","48.747","48.403","","-0.19%"
"03/14/2021","48.500","48.470","48.772","48.404","","0.04%"
"03/07/2021","48.480","48.660","48.779","48.317","","-0.25%"
"02/28/2021","48.600","48.603","48.740","48.410","","-0.27%"
"02/21/2021","48.730","48.430","49.000","48.410","","0.52%"
"02/14/2021","48.480","48.035","48.625","47.841","","0.92%"
"02/07/2021","48.040","48.085","48.120","47.974","","0.00%"
"01/31/2021","48.040","48.078","48.148","47.758","","-0.04%"
"01/24/2021","48.060","48.090","48.181","48.009","","-0.04%"
"01/17/2021","48.080","48.060","48.142","47.975","","0.08%"
"01/10/2021","48.040","48.080","48.172","47.952","","-0.06%"
"01/03/2021","48.070","48.020","48.212","47.930","","0.12%"
"12/27/2020","48.010","48.050","48.203","48.000","","-0.06%"
"12/20/2020","48.040","48.110","48.345","48.000","","-0.06%"
"12/13/2020","48.070","48.075","48.180","47.638","","-0.08%"
"12/06/2020","48.110","48.050","48.243","47.993","","0.02%"
"11/29/2020","48.100","48.170","48.200","47.943","","-0.02%"
"11/22/2020","48.110","48.230","48.387","47.998","","-0.25%"
"11/15/2020","48.230","48.250","48.400","48.110","","0.12%"
"11/08/2020","48.170","48.200","48.618","48.054","","0.00%"
"11/01/2020","48.170","48.510","48.551","48.140","","-0.74%"
"10/25/2020","48.530","48.430","48.578","48.262","","0.27%"
"10/18/2020","48.400","48.627","48.703","48.356","","-0.53%"
"10/11/2020","48.660","48.330","48.833","48.320","","0.64%"
"10/04/2020","48.350","48.513","48.562","48.280","","-0.27%"
"09/27/2020","48.480","48.482","48.579","48.370","","0.02%"
"09/20/2020","48.470","48.475","48.676","48.303","","0.02%"
"09/13/2020","48.460","48.570","48.584","48.320","","-0.16%"
"09/06/2020","48.540","48.615","48.690","48.490","","-0.04%"
"08/30/2020","48.560","48.380","48.671","48.380","","0.41%"
"08/23/2020","48.360","48.662","48.720","48.340","","-0.56%"
"08/16/2020","48.630","48.765","48.795","48.510","","-0.14%"
"08/09/2020","48.700","49.006","49.156","48.656","","-0.75%"
"08/02/2020","49.070","49.155","49.274","48.960","","-0.14%"
"07/26/2020","49.140","49.335","49.394","48.990","","-0.34%"
"07/19/2020","49.310","49.440","49.500","49.237","","-0.12%"
"07/12/2020","49.370","49.482","49.610","49.340","","-0.16%"
"07/05/2020","49.450","49.565","49.660","49.270","","-0.16%"
"06/28/2020","49.530","49.935","50.028","49.391","","-0.80%"
"06/21/2020","49.930","50.075","50.265","49.864","","-0.24%"
"06/14/2020","50.050","50.185","50.420","49.964","","-0.40%"
"06/07/2020","50.250","49.820","50.432","49.760","","0.84%"
"05/31/2020","49.830","50.520","50.565","49.696","","-1.25%"
"05/24/2020","50.460","50.764","50.830","50.410","","-0.57%"
"05/17/2020","50.750","50.775","51.010","50.477","","0.20%"
"05/10/2020","50.650","50.460","50.785","50.080","","0.52%"
"05/03/2020","50.390","50.530","50.774","50.360","","-0.36%"
"04/26/2020","50.570","50.840","50.840","50.290","","-0.35%"
"04/19/2020","50.750","50.860","50.990","50.600","","-0.08%"
"04/12/2020","50.790","50.515","51.051","50.515","","0.71%"
"04/05/2020","50.430","50.710","50.860","50.360","","-0.55%"
"03/29/2020","50.710","51.040","51.125","50.590","","-0.78%"
"03/22/2020","51.110","51.210","51.620","50.630","","-0.16%"
"03/15/2020","51.190","51.010","52.150","50.713","","0.33%"
"03/08/2020","51.020","50.510","51.370","50.410","","0.95%"
"03/01/2020","50.540","51.000","51.080","50.510","","-0.82%"
"02/23/2020","50.960","50.930","51.190","50.758","","0.14%"
"02/16/2020","50.890","50.560","51.020","50.490","","0.69%"
"02/09/2020","50.540","50.920","50.925","50.395","","-0.79%"
"02/02/2020","50.940","51.010","51.053","50.693","","-0.12%"
"01/26/2020","51.000","50.870","51.138","50.660","","0.35%"
"01/19/2020","50.820","50.920","51.110","50.759","","-0.18%"
"01/12/2020","50.910","50.520","51.000","50.343","","0.73%"
"01/05/2020","50.540","51.080","51.320","50.450","","-1.10%"
"12/29/2019","51.100","50.780","51.200","50.565","","0.57%"
"12/22/2019","50.810","50.770","51.015","50.615","","0.10%"
"12/15/2019","50.760","50.570","50.870","50.518","","0.32%"
"12/08/2019","50.600","50.810","50.880","50.435","","-0.39%"
"12/01/2019","50.800","50.870","51.180","50.715","","-0.08%"
"11/24/2019","50.840","50.920","50.930","50.670","","-0.14%"
"11/17/2019","50.910","50.658","51.035","50.570","","0.69%"
"11/10/2019","50.560","50.540","50.975","50.540","","0.00%"
"11/03/2019","50.560","50.470","50.730","50.360","","0.16%"
"10/27/2019","50.480","51.250","51.250","50.450","","-1.41%"
"10/20/2019","51.200","51.270","51.440","50.905","","-0.08%"
"10/13/2019","51.240","51.595","51.743","51.186","","-0.70%"
"10/06/2019","51.600","51.770","51.935","51.441","","-0.17%"
"09/29/2019","51.690","51.860","52.052","51.620","","-0.37%"
"09/22/2019","51.880","52.007","52.357","51.664","","-0.29%"
"09/15/2019","52.030","51.965","52.429","51.910","","0.08%"
"09/08/2019","51.990","51.820","52.200","51.684","","0.25%"
"09/01/2019","51.860","52.130","52.370","51.772","","-0.50%"
"08/25/2019","52.120","52.420","52.560","52.012","","-0.63%"
"08/18/2019","52.450","52.310","52.472","52.160","","0.29%"
"08/11/2019","52.300","52.030","52.810","51.864","","0.56%"
"08/04/2019","52.010","51.640","52.453","51.533","","0.72%"
"07/28/2019","51.640","51.010","51.660","50.763","","1.08%"
"07/21/2019","51.090","51.050","51.300","50.967","","0.00%"
"07/14/2019","51.090","51.140","51.178","50.850","","-0.06%"
"07/07/2019","51.120","51.340","51.510","51.040","","-0.41%"
"06/30/2019","51.329","51.250","51.410","50.971","","0.21%"
"06/23/2019","51.220","51.440","51.610","51.112","","-0.37%"
"06/16/2019","51.410","52.070","52.295","51.347","","-1.27%"
"06/09/2019","52.070","51.990","52.210","51.830","","0.33%"
"06/02/2019","51.900","52.170","52.175","51.609","","-0.36%"
"05/26/2019","52.090","52.240","52.461","52.060","","0.00%"
"05/19/2019","52.090","52.610","52.774","52.110","","-1.14%"
"05/12/2019","52.690","52.125","52.764","52.125","","1.04%"
"05/05/2019","52.148","51.850","52.382","51.760","","0.75%"
"04/28/2019","51.760","52.090","52.220","51.630","","-0.58%"
"04/21/2019","52.060","51.775","52.380","51.600","","0.75%"
"04/14/2019","51.670","51.800","51.910","51.605","","-0.04%"
"04/07/2019","51.690","52.080","52.290","51.644","","-0.73%"
"03/31/2019","52.070","52.650","52.700","52.005","","-1.14%"
"03/24/2019","52.670","52.580","52.897","52.370","","0.04%"
"03/17/2019","52.650","52.530","52.962","52.318","","0.11%"
"03/10/2019","52.590","52.190","53.075","52.110","","0.59%"
"03/03/2019","52.280","51.850","52.515","51.680","","0.77%"
"02/24/2019","51.880","52.050","52.132","51.655","","-0.29%"
"02/17/2019","52.030","52.425","52.470","51.879","","-0.52%"
"02/10/2019","52.300","52.120","52.560","51.895","","0.35%"
"02/03/2019","52.120","52.230","52.519","52.028","","-0.27%"
"01/27/2019","52.260","52.540","52.640","52.011","","-0.47%"
"01/20/2019","52.505","52.600","53.040","52.470","","-0.18%"
"01/13/2019","52.600","52.190","52.689","51.970","","0.92%"
"01/06/2019","52.118","52.490","52.546","51.960","","-0.60%"
"12/30/2018","52.431","52.530","52.730","52.388","","-0.16%"
"12/23/2018","52.515","52.875","53.084","52.515","","-0.73%"
"12/16/2018","52.900","53.062","53.270","52.850","","-0.26%"
"12/09/2018","53.037","52.740","53.250","52.530","","0.67%"
"12/02/2018","52.682","52.410","52.969","52.260","","0.62%"
"11/25/2018","52.358","52.470","52.725","52.250","","-0.06%"
"11/18/2018","52.389","52.570","52.710","52.115","","-0.33%"
"11/11/2018","52.565","53.127","53.333","52.541","","-0.84%"
"11/04/2018","53.011","53.220","53.384","52.490","","-0.14%"
"10/28/2018","53.087","53.600","53.737","52.978","","-0.76%"
"10/21/2018","53.494","53.715","53.970","53.445","","-0.39%"
"10/14/2018","53.703","54.085","54.195","53.607","","-0.64%"
"10/07/2018","54.050","54.270","54.347","53.987","","-0.28%"
"09/30/2018","54.200","54.080","54.452","53.967","","0.44%"
"09/23/2018","53.965","54.270","54.430","53.879","","-0.29%"
"09/16/2018","54.123","54.050","54.284","53.850","","0.04%"
"09/09/2018","54.100","53.735","54.168","53.735","","0.73%"
"09/02/2018","53.710","53.487","54.010","53.442","","0.45%"
"08/26/2018","53.470","53.370","53.695","53.200","","0.20%"
"08/19/2018","53.364","53.415","53.580","53.255","","0.15%"
"08/12/2018","53.284","53.160","53.649","53.145","","0.18%"
"08/05/2018","53.187","53.150","53.303","52.771","","0.25%"
"07/29/2018","53.055","53.210","53.333","52.920","","-0.27%"
"07/22/2018","53.197","53.357","53.584","53.147","","-0.19%"
"07/15/2018","53.299","53.555","53.729","53.294","","-0.39%"
"07/08/2018","53.510","53.335","53.679","53.260","","0.37%"
"07/01/2018","53.313","53.367","53.561","53.271","","0.00%"
"06/24/2018","53.311","53.285","53.759","53.225","","0.18%"
"06/17/2018","53.217","53.456","53.532","53.193","","-0.22%"
"06/10/2018","53.334","52.903","53.508","52.800","","0.88%"
"06/03/2018","52.871","52.525","53.016","52.292","","0.72%"
"05/27/2018","52.491","52.702","52.798","52.404","","-0.20%"
"05/20/2018","52.595","52.365","52.738","52.176","","0.60%"
"05/13/2018","52.279","52.430","52.685","52.121","","-0.22%"
"05/06/2018","52.395","51.672","52.569","51.620","","1.46%"
"04/29/2018","51.639","51.710","52.002","51.542","","0.04%"
"04/22/2018","51.619","52.228","52.493","51.599","","-0.98%"
"04/15/2018","52.129","51.959","52.289","51.910","","0.33%"
"04/08/2018","51.955","52.035","52.143","51.791","","-0.10%"
"04/01/2018","52.005","52.167","52.251","51.904","","-0.23%"
"03/25/2018","52.124","52.375","52.509","52.095","","-0.46%"
"03/18/2018","52.365","51.925","52.581","51.880","","0.90%"
"03/11/2018","51.900","52.030","52.192","51.859","","-0.11%"
"03/04/2018","51.957","51.900","52.223","51.808","","0.01%"
"02/25/2018","51.950","51.800","52.351","51.739","","0.29%"
"02/18/2018","51.800","52.275","52.523","51.652","","-0.76%"
"02/11/2018","52.199","51.745","52.400","51.495","","1.08%"
"02/04/2018","51.639","51.565","51.798","51.050","","0.02%"
"01/28/2018","51.630","50.944","51.775","50.875","","1.36%"
"01/21/2018","50.935","50.751","51.169","50.705","","0.52%"
"01/14/2018","50.674","50.325","50.868","50.192","","0.69%"
"01/07/2018","50.329","49.805","50.591","49.795","","1.13%"
"12/31/2017","49.769","49.944","50.035","49.695","","-0.42%"
"12/24/2017","49.977","50.111","50.111","49.786","","-0.03%"
"12/17/2017","49.990","50.480","50.535","49.995","","-0.77%"
"12/10/2017","50.380","50.525","50.689","50.266","","-0.14%"
"12/03/2017","50.450","50.285","50.815","50.285","","0.46%"
"11/26/2017","50.220","50.675","50.765","50.136","","-0.77%"
"11/19/2017","50.609","50.818","51.040","50.455","","-0.37%"
"11/12/2017","50.799","51.237","51.340","50.670","","-0.79%"
"11/05/2017","51.203","51.193","51.498","51.069","","-0.07%"
"10/29/2017","51.239","51.765","51.773","51.060","","-0.68%"
"10/22/2017","51.589","51.490","52.005","51.428","","0.19%"
"10/15/2017","51.490","51.287","51.583","51.167","","0.69%"
"10/08/2017","51.139","51.223","51.625","51.010","","0.04%"
"10/01/2017","51.119","50.805","51.315","50.805","","0.46%"
"09/24/2017","50.885","50.583","51.178","50.523","","0.43%"
"09/17/2017","50.669","51.185","51.293","50.533","","-1.18%"
"09/10/2017","51.274","50.900","51.423","50.735","","0.79%"
"09/03/2017","50.870","51.110","51.273","50.602","","-0.35%"
"08/27/2017","51.049","51.090","51.310","50.925","","-0.05%"
"08/20/2017","51.075","51.360","51.514","50.945","","-0.61%"
"08/13/2017","51.387","50.935","51.623","50.910","","0.76%"
"08/06/2017","51.001","50.330","51.145","50.260","","1.40%"
"07/30/2017","50.295","50.615","50.615","50.145","","-0.41%"
"07/23/2017","50.504","50.745","50.845","50.444","","-0.42%"
"07/16/2017","50.719","50.533","50.968","50.533","","0.18%"
"07/09/2017","50.630","50.630","50.990","50.401","","0.10%"
"07/02/2017","50.580","50.406","50.788","50.406","","0.24%"
"06/25/2017","50.459","50.114","50.690","50.041","","0.70%"
"06/18/2017","50.110","49.859","50.445","49.788","","0.47%"
"06/11/2017","49.875","49.439","50.042","49.395","","0.70%"
"06/04/2017","49.530","49.510","49.610","49.310","","0.35%"
"05/28/2017","49.355","49.764","49.915","49.320","","-0.85%"
"05/21/2017","49.777","49.670","50.085","49.622","","0.26%"
"05/14/2017","49.646","49.702","50.126","49.555","","-0.06%"
"05/07/2017","49.676","49.845","50.072","49.579","","-0.34%"
"04/30/2017","49.844","50.105","50.262","49.795","","-0.73%"
"04/23/2017","50.212","49.844","50.265","49.563","","0.75%"
"04/16/2017","49.840","49.495","49.905","49.377","","0.68%"
"04/09/2017","49.505","49.840","49.920","49.279","","-0.59%"
"04/02/2017","49.800","50.188","50.297","49.688","","-0.76%"
"03/26/2017","50.179","50.185","50.332","50.005","","-0.05%"
"03/19/2017","50.206","50.130","50.455","50.003","","-0.01%"
"03/12/2017","50.209","50.288","50.407","50.002","","-0.10%"
"03/05/2017","50.259","50.355","50.529","50.119","","-0.03%"
"02/26/2017","50.276","50.190","50.520","50.087","","0.15%"
"02/19/2017","50.200","50.080","50.538","49.980","","0.27%"
"02/12/2017","50.065","49.935","50.189","49.800","","0.21%"
"02/05/2017","49.959","49.790","50.035","49.494","","0.52%"
"01/29/2017","49.699","49.829","49.905","49.606","","-0.19%"
"01/22/2017","49.795","49.946","50.060","49.577","","-0.40%"
"01/15/2017","49.995","49.725","50.172","49.649","","0.30%"
"01/08/2017","49.845","49.570","49.903","49.380","","0.65%"
"01/01/2017","49.525","49.635","49.951","49.235","","-0.15%"
"12/25/2016","49.599","49.855","49.959","49.450","","-0.36%"
"12/18/2016","49.780","49.900","50.116","49.645","","-0.36%"
"12/11/2016","49.960","49.930","50.158","49.590","","0.14%"
"12/04/2016","49.892","49.705","49.984","49.495","","0.54%"
"11/27/2016","49.623","49.775","49.955","49.570","","-0.44%"
"11/20/2016","49.844","49.748","50.045","49.656","","0.30%"
"11/13/2016","49.696","48.931","49.880","48.861","","1.70%"
"11/06/2016","48.865","48.505","49.272","48.440","","0.66%"
"10/30/2016","48.545","48.565","48.590","48.230","","-0.05%"
"10/23/2016","48.570","48.280","48.595","48.128","","0.62%"
"10/16/2016","48.270","48.350","48.615","47.855","","-0.29%"
"10/09/2016","48.412","48.295","48.846","48.204","","0.23%"
"10/02/2016","48.300","48.390","48.440","48.098","","-0.21%"
"09/25/2016","48.400","48.020","48.515","47.970","","0.59%"
"09/18/2016","48.115","47.925","48.205","47.590","","0.30%"
"09/11/2016","47.970","47.455","48.044","47.275","","1.09%"
"09/04/2016","47.455","46.675","47.480","46.413","","1.97%"
"08/28/2016","46.540","46.455","46.798","46.345","","0.40%"
"08/21/2016","46.355","46.390","46.650","46.151","","-0.14%"
"08/14/2016","46.422","46.628","46.650","46.145","","-0.40%"
"08/07/2016","46.610","46.860","47.030","46.473","","-0.77%"
"07/31/2016","46.974","47.120","47.147","46.880","","-0.09%"
"07/24/2016","47.015","47.115","47.321","47.015","","-0.16%"
"07/17/2016","47.090","46.815","47.253","46.683","","0.60%"
"07/10/2016","46.808","47.120","47.595","46.678","","-0.76%"
"07/03/2016","47.165","47.025","47.267","46.775","","0.40%"
"06/26/2016","46.975","47.025","47.365","46.855","","-0.03%"
"06/19/2016","46.990","46.365","47.055","46.235","","1.21%"
"06/12/2016","46.430","46.208","46.568","46.076","","0.53%"
"06/05/2016","46.185","46.255","46.305","45.825","","-0.17%"
"05/29/2016","46.265","46.715","46.815","46.165","","-0.90%"
"05/22/2016","46.685","46.685","46.945","46.605","","-0.02%"
"05/15/2016","46.695","46.785","46.965","46.305","","0.06%"
"05/08/2016","46.665","47.105","47.342","46.425","","-0.89%"
"05/01/2016","47.085","47.005","47.461","46.875","","0.11%"
"04/24/2016","47.035","46.685","47.035","46.685","","0.64%"
"04/17/2016","46.735","46.085","46.820","46.045","","1.28%"
"04/10/2016","46.145","46.070","46.305","45.910","","0.11%"
"04/03/2016","46.095","46.085","46.425","45.985","","0.00%"
"03/27/2016","46.095","46.435","46.545","45.859","","-0.71%"
"03/20/2016","46.425","46.555","46.585","46.175","","-0.06%"
"03/13/2016","46.455","46.515","46.935","46.105","","0.00%"
"03/06/2016","46.455","46.755","47.045","46.455","","-0.62%"
"02/28/2016","46.745","47.595","47.620","46.705","","-1.58%"
"02/21/2016","47.495","47.545","47.740","47.470","","-0.38%"
"02/14/2016","47.675","47.505","47.742","47.365","","0.25%"
"02/07/2016","47.555","47.825","47.950","47.375","","-0.48%"
"01/31/2016","47.785","47.635","47.990","47.489","","0.17%"
"01/24/2016","47.705","47.745","48.135","47.605","","-0.06%"
"01/17/2016","47.735","47.875","47.985","47.590","","-0.21%"
"01/10/2016","47.835","47.365","47.979","47.110","","1.24%"
"01/03/2016","47.249","46.886","47.311","46.846","","0.89%"
"12/27/2015","46.832","47.170","47.220","46.790","","-0.79%"
"12/20/2015","47.205","47.295","47.375","47.060","","-0.15%"
"12/13/2015","47.275","47.425","47.534","47.185","","-0.34%"
"12/06/2015","47.435","47.025","47.529","47.025","","0.87%"
"11/29/2015","47.025","47.185","47.270","46.965","","-0.36%"
"11/22/2015","47.193","47.040","47.265","46.940","","0.46%"
"11/15/2015","46.975","47.040","47.275","46.955","","-0.23%"
"11/08/2015","47.085","47.157","47.380","46.875","","-0.15%"
"11/01/2015","47.155","46.778","47.199","46.705","","0.92%"
"10/25/2015","46.725","46.675","47.155","46.535","","0.21%"
"10/18/2015","46.625","46.035","46.685","46.020","","1.37%"
"10/11/2015","45.995","45.685","46.195","45.685","","0.68%"
"10/04/2015","45.685","46.565","46.675","45.645","","-1.87%"
"09/27/2015","46.555","46.765","47.005","46.555","","-0.45%"
"09/20/2015","46.765","46.465","47.065","46.445","","0.60%"
"09/13/2015","46.485","46.745","46.835","46.268","","-0.56%"
"09/06/2015","46.745","46.945","47.065","46.735","","-0.40%"
"08/30/2015","46.935","46.735","46.960","46.665","","0.41%"
"08/23/2015","46.745","46.735","46.914","46.545","","0.16%"
"08/16/2015","46.672","46.185","46.795","46.166","","1.05%"
"08/09/2015","46.185","45.810","46.345","45.675","","0.79%"
"08/02/2015","45.825","45.595","45.855","45.535","","0.33%"
"07/26/2015","45.675","45.555","45.845","45.435","","0.26%"
"07/19/2015","45.555","45.230","45.606","45.130","","0.65%"
"07/12/2015","45.261","45.111","45.383","45.081","","0.41%"
"07/05/2015","45.075","45.150","45.351","45.045","","0.02%"
"06/28/2015","45.065","45.140","45.245","45.005","","-0.11%"
"06/21/2015","45.115","45.040","45.205","44.905","","0.27%"
"06/14/2015","44.995","45.295","45.330","44.850","","-0.66%"
"06/07/2015","45.295","45.075","45.395","44.885","","0.45%"
"05/31/2015","45.090","44.550","45.265","44.475","","1.25%"
"05/24/2015","44.535","44.555","44.805","44.505","","-0.20%"
"05/17/2015","44.625","44.415","44.725","44.405","","0.47%"
"05/10/2015","44.415","44.585","44.895","44.325","","-0.36%"
"05/03/2015","44.575","44.635","44.795","44.485","","-0.13%"
"04/26/2015","44.635","44.245","44.675","44.175","","0.95%"
"04/19/2015","44.215","44.275","44.375","44.165","","-0.09%"
"04/12/2015","44.255","44.595","44.765","44.195","","-0.77%"
"04/05/2015","44.600","44.440","44.640","44.340","","0.60%"
"03/29/2015","44.335","44.835","44.875","44.265","","-1.03%"
"03/22/2015","44.795","44.835","44.915","44.665","","-0.12%"
"03/15/2015","44.850","44.440","45.060","44.350","","1.09%"
"03/08/2015","44.365","44.275","44.495","44.195","","0.14%"
"03/01/2015","44.305","44.125","44.315","44.045","","0.45%"
"02/22/2015","44.105","44.225","44.355","43.885","","-0.27%"
"02/15/2015","44.225","44.325","44.335","44.105","","-0.11%"
"02/08/2015","44.275","44.315","44.525","44.225","","0.06%"
"02/01/2015","44.250","44.170","44.372","44.030","","0.12%"
"01/25/2015","44.195","44.075","44.245","44.034","","0.25%"
"01/18/2015","44.085","44.605","44.775","43.985","","-1.24%"
"01/11/2015","44.640","44.910","44.990","44.540","","-0.58%"
"01/04/2015","44.900","44.880","45.160","44.860","","0.10%"
"12/28/2014","44.855","44.715","44.905","44.695","","0.44%"
"12/21/2014","44.660","44.780","44.780","44.565","","-0.25%"
"12/14/2014","44.770","44.590","44.870","44.590","","0.45%"
"12/07/2014","44.568","44.675","44.770","44.400","","-0.26%"
"11/30/2014","44.685","44.975","44.990","44.495","","-0.59%"
"11/23/2014","44.950","44.970","45.050","44.860","","0.03%"
"11/16/2014","44.935","44.935","45.235","44.865","","0.01%"
"11/09/2014","44.930","44.880","45.090","44.770","","0.16%"
"11/02/2014","44.860","44.990","45.160","44.860","","-0.26%"
"10/26/2014","44.975","44.745","45.020","44.695","","0.36%"
"10/19/2014","44.815","44.875","44.895","44.735","","-0.02%"
"10/12/2014","44.825","44.795","45.045","44.713","","0.08%"
"10/05/2014","44.790","44.860","44.870","44.570","","-0.47%"
"09/28/2014","45.000","44.945","45.120","44.730","","0.14%"
"09/21/2014","44.935","44.420","44.935","44.390","","0.88%"
"09/14/2014","44.545","43.965","44.640","43.965","","1.32%"
"09/07/2014","43.965","43.600","44.095","43.555","","0.93%"
"08/31/2014","43.560","43.671","43.740","43.480","","-0.24%"
"08/24/2014","43.666","43.880","43.880","43.535","","-0.44%"
"08/17/2014","43.860","43.655","43.923","43.625","","0.48%"
"08/10/2014","43.650","43.970","44.030","43.570","","-0.75%"
"08/03/2014","43.980","43.730","44.320","43.550","","0.63%"
"07/27/2014","43.705","43.325","43.840","43.270","","0.88%"
"07/20/2014","43.325","43.525","43.525","43.155","","-0.46%"
"07/13/2014","43.525","43.525","43.685","43.490","","0.12%"
"07/06/2014","43.475","43.495","43.615","43.225","","-0.06%"
"06/29/2014","43.500","43.760","43.760","43.490","","-0.54%"
"06/22/2014","43.735","43.805","43.965","43.715","","-0.36%"
"06/15/2014","43.895","43.825","44.140","43.725","","0.02%"
"06/08/2014","43.885","43.575","43.905","43.515","","0.85%"
"06/01/2014","43.515","43.825","43.960","43.455","","-0.75%"
"05/25/2014","43.845","43.690","44.035","43.635","","0.50%"
"05/18/2014","43.625","43.670","43.845","43.570","","-0.24%"
"05/11/2014","43.730","43.700","43.870","43.520","","0.18%"
"05/04/2014","43.650","44.460","44.490","43.600","","-1.92%"
"04/27/2014","44.505","44.605","44.630","44.408","","-0.25%"
"04/20/2014","44.615","44.405","44.815","44.380","","0.65%"
"04/13/2014","44.325","44.430","44.600","44.305","","-0.23%"
"04/06/2014","44.425","44.705","44.965","44.255","","-1.28%"
"03/30/2014","45.000","44.720","45.110","44.720","","0.50%"
"03/23/2014","44.775","45.325","45.336","44.735","","-0.94%"
"03/16/2014","45.200","44.700","45.365","44.600","","1.13%"
"03/09/2014","44.693","44.477","44.833","44.477","","0.67%"
"03/02/2014","44.395","44.755","44.885","44.303","","-0.57%"
"02/23/2014","44.650","44.590","44.760","44.510","","0.18%"
"02/16/2014","44.570","44.740","44.800","44.330","","-0.06%"
"02/09/2014","44.595","45.000","45.140","44.575","","-0.90%"
"02/02/2014","45.000","45.360","45.550","44.940","","-0.83%"
"01/26/2014","45.375","45.325","45.475","45.115","","-0.15%"
"01/19/2014","45.445","45.045","45.475","45.045","","0.76%"
"01/12/2014","45.100","44.740","45.230","44.550","","1.14%"
"01/05/2014","44.590","44.690","44.885","44.580","","-0.28%"
"12/29/2013","44.715","44.405","44.725","44.155","","0.77%"
"12/22/2013","44.375","44.475","44.495","44.325","","-0.22%"
"12/15/2013","44.475","44.155","44.560","44.045","","0.74%"
"12/08/2013","44.150","43.950","44.380","43.950","","0.40%"
"12/01/2013","43.975","43.745","44.050","43.665","","0.70%"
"11/24/2013","43.670","43.810","43.935","43.645","","-0.54%"
"11/17/2013","43.905","43.615","43.960","43.495","","0.80%"
"11/10/2013","43.555","43.265","43.850","43.265","","0.76%"
"11/03/2013","43.225","43.265","43.410","43.150","","-0.31%"
"10/27/2013","43.360","43.075","43.360","42.995","","0.65%"
"10/20/2013","43.080","43.140","43.260","42.970","","-0.02%"
"10/13/2013","43.090","43.130","43.290","43.045","","0.21%"
"10/06/2013","43.000","43.095","43.290","42.985","","-0.38%"
"09/29/2013","43.165","43.265","43.615","43.035","","-0.37%"
"09/22/2013","43.325","43.125","43.560","43.037","","0.48%"
"09/15/2013","43.120","43.665","43.775","42.900","","-1.49%"
"09/08/2013","43.770","44.270","44.400","43.630","","-1.34%"
"09/01/2013","44.365","44.605","44.705","44.225","","-0.46%"
"08/25/2013","44.570","44.250","44.770","44.180","","0.83%"
"08/18/2013","44.205","43.695","44.315","43.695","","1.33%"
"08/11/2013","43.625","43.500","43.885","43.500","","0.35%"
"08/04/2013","43.475","43.555","43.795","43.400","","-0.40%"
"07/28/2013","43.650","43.250","43.760","43.220","","0.87%"
"07/21/2013","43.275","43.235","43.425","43.110","","-0.01%"
"07/14/2013","43.280","43.400","43.570","43.155","","-0.22%"
"07/07/2013","43.375","43.620","43.745","43.205","","-0.23%"
"06/30/2013","43.475","43.190","43.525","42.985","","0.87%"
"06/23/2013","43.100","43.850","43.960","43.075","","-1.82%"
"06/16/2013","43.900","42.820","44.190","42.780","","2.49%"
"06/09/2013","42.835","42.330","43.335","42.320","","1.24%"
"06/02/2013","42.310","42.270","42.435","41.750","","0.00%"
"05/26/2013","42.310","41.610","42.595","41.575","","1.65%"
"05/19/2013","41.625","41.280","41.770","41.100","","0.95%"
"05/12/2013","41.235","41.137","41.330","41.060","","0.27%"
"05/05/2013","41.125","40.820","41.260","40.685","","0.64%"
"04/28/2013","40.865","41.210","41.305","40.765","","-0.92%"
"04/21/2013","41.245","41.100","41.415","41.050","","0.33%"
"04/14/2013","41.110","41.260","41.480","40.990","","-0.58%"
"04/07/2013","41.350","41.150","41.390","40.895","","0.44%"
"03/31/2013","41.170","40.790","41.350","40.740","","0.78%"
"03/24/2013","40.850","40.830","41.215","40.740","","-0.10%"
"03/17/2013","40.890","40.600","40.925","40.590","","0.79%"
"03/10/2013","40.570","40.680","40.780","40.500","","-0.37%"
"03/03/2013","40.720","40.670","40.865","40.600","","0.09%"
"02/24/2013","40.685","40.670","40.828","40.600","","-0.16%"
"02/17/2013","40.750","40.593","40.850","40.570","","0.33%"
"02/10/2013","40.615","40.675","40.760","40.540","","-0.23%"
"02/03/2013","40.710","40.695","40.775","40.540","","0.15%"
"01/27/2013","40.650","40.655","41.015","40.555","","-0.12%"
"01/20/2013","40.700","40.575","40.845","40.540","","0.37%"
"01/13/2013","40.550","40.590","40.772","40.480","","-0.12%"
"01/06/2013","40.600","40.905","41.030","40.545","","-0.66%"
"12/30/2012","40.870","40.980","41.100","40.700","","-0.49%"
"12/23/2012","41.070","41.133","41.450","41.000","","-0.12%"
"12/16/2012","41.120","41.080","41.230","40.900","","-0.02%"
"12/09/2012","41.130","40.935","41.240","40.830","","0.42%"
"12/02/2012","40.960","40.890","41.020","40.790","","0.39%"
"11/25/2012","40.800","41.050","41.100","40.700","","-0.65%"
"11/18/2012","41.065","41.330","41.355","40.990","","-0.57%"
"11/11/2012","41.300","41.040","41.455","40.985","","0.61%"
"11/04/2012","41.050","41.180","41.370","40.880","","-0.12%"
"10/28/2012","41.100","41.210","41.380","41.050","","-0.42%"
"10/21/2012","41.275","41.390","41.505","41.170","","-0.12%"
"10/14/2012","41.325","41.430","41.565","41.050","","-0.21%"
"10/07/2012","41.410","41.450","41.690","41.320","","-0.13%"
"09/30/2012","41.465","41.770","41.875","41.320","","-0.50%"
"09/23/2012","41.675","41.660","42.045","41.630","","0.06%"
"09/16/2012","41.650","41.400","41.860","41.280","","0.62%"
"09/09/2012","41.395","41.740","41.805","41.235","","-0.36%"
"09/02/2012","41.545","42.060","42.115","41.520","","-1.39%"
"08/26/2012","42.130","42.155","42.455","41.985","","-0.26%"
"08/19/2012","42.240","42.390","42.455","41.985","","-0.38%"
"08/12/2012","42.400","41.780","42.460","41.780","","1.30%"
"08/05/2012","41.855","41.720","41.950","41.680","","0.07%"
"07/29/2012","41.825","41.900","42.000","41.670","","-0.36%"
"07/22/2012","41.975","41.860","42.275","41.825","","0.18%"
"07/15/2012","41.900","41.980","42.110","41.550","","-0.15%"
"07/08/2012","41.965","41.790","42.185","41.790","","0.27%"
"07/01/2012","41.850","41.950","42.100","41.580","","-0.19%"
"06/24/2012","41.930","42.500","42.740","41.880","","-1.25%"
"06/17/2012","42.460","42.260","42.605","42.020","","0.43%"
"06/10/2012","42.280","42.990","43.120","42.230","","-2.31%"
"06/03/2012","43.280","43.400","43.600","43.007","","-0.45%"
"05/27/2012","43.475","43.755","43.790","43.200","","-0.67%"
"05/20/2012","43.770","43.080","44.000","43.000","","1.48%"
"05/13/2012","43.130","42.530","43.330","42.530","","1.55%"
"05/06/2012","42.470","42.320","42.720","42.250","","0.45%"
"04/29/2012","42.280","42.370","42.420","42.100","","0.07%"
"04/22/2012","42.250","42.605","42.810","42.200","","-0.71%"
"04/15/2012","42.550","42.660","42.860","42.500","","-0.09%"
"04/08/2012","42.590","42.850","42.960","42.540","","-0.37%"
"04/01/2012","42.750","42.830","42.940","42.400","","-0.42%"
"03/25/2012","42.930","42.955","43.125","42.680","","0.05%"
"03/18/2012","42.910","43.070","43.230","42.780","","-0.23%"
"03/11/2012","43.010","42.690","43.220","42.470","","1.06%"
"03/04/2012","42.560","42.680","43.095","42.420","","-0.44%"
"02/26/2012","42.750","42.840","43.160","42.580","","-0.14%"
"02/19/2012","42.810","42.615","42.940","42.420","","0.28%"
"02/12/2012","42.690","42.480","42.950","42.345","","0.39%"
"02/05/2012","42.525","42.700","42.755","42.000","","-0.18%"
"01/29/2012","42.600","42.850","43.110","42.550","","-0.44%"
"01/22/2012","42.790","43.150","43.320","42.720","","-1.17%"
"01/15/2012","43.295","43.740","44.015","43.000","","-1.05%"
"01/08/2012","43.755","44.130","44.375","43.650","","-0.88%"
"01/01/2012","44.145","43.840","44.205","43.600","","0.70%"
"12/25/2011","43.840","43.470","44.150","43.450","","0.78%"
"12/18/2011","43.500","43.840","44.100","43.400","","-0.75%"
"12/11/2011","43.830","43.600","44.290","43.450","","0.44%"
"12/04/2011","43.640","43.300","43.650","43.210","","0.86%"
"11/27/2011","43.270","43.890","43.910","43.180","","-1.52%"
"11/20/2011","43.940","43.395","43.940","43.180","","1.15%"
"11/13/2011","43.440","43.290","43.620","43.170","","0.31%"
"11/06/2011","43.305","42.790","43.375","42.790","","0.94%"
"10/30/2011","42.900","42.860","43.165","42.730","","0.63%"
"10/23/2011","42.630","43.340","43.440","42.530","","-1.85%"
"10/16/2011","43.435","43.280","43.495","43.050","","0.24%"
"10/09/2011","43.330","43.535","43.660","43.150","","-0.49%"
"10/02/2011","43.545","43.840","44.180","43.450","","-0.41%"
"09/25/2011","43.725","43.670","43.895","43.240","","0.36%"
"09/18/2011","43.570","43.360","43.990","43.280","","0.60%"
"09/11/2011","43.310","42.640","43.445","42.360","","1.94%"
"09/04/2011","42.485","42.200","42.555","42.150","","0.51%"
"08/28/2011","42.270","42.360","42.920","42.050","","-0.14%"
"08/21/2011","42.330","42.580","42.640","42.230","","-0.63%"
"08/14/2011","42.600","42.580","42.670","42.265","","-0.08%"
"08/07/2011","42.635","42.580","42.790","42.400","","0.13%"
"07/31/2011","42.580","41.950","42.730","41.900","","1.04%"
"07/24/2011","42.140","42.350","42.610","42.070","","-0.61%"
"07/17/2011","42.400","42.970","43.090","42.340","","-1.27%"
"07/10/2011","42.945","42.720","43.205","42.715","","0.48%"
"07/03/2011","42.740","43.065","43.135","42.690","","-1.01%"
"06/26/2011","43.175","43.590","43.705","43.150","","-0.29%"
"06/19/2011","43.300","43.650","43.760","43.290","","-0.80%"
"06/12/2011","43.650","43.230","43.740","43.170","","1.07%"
"06/05/2011","43.190","43.125","43.320","43.105","","-0.03%"
"05/29/2011","43.205","43.280","43.360","43.040","","-0.32%"
"05/22/2011","43.345","43.220","43.615","43.107","","0.51%"
"05/15/2011","43.125","43.300","43.395","43.080","","0.06%"
"05/08/2011","43.100","43.020","43.260","42.822","","0.05%"
"05/01/2011","43.080","42.750","43.140","42.625","","0.64%"
"04/24/2011","42.805","43.269","43.335","42.780","","-0.86%"
"04/17/2011","43.175","43.240","43.445","43.130","","-0.20%"
"04/10/2011","43.260","43.010","43.450","42.950","","0.84%"
"04/03/2011","42.900","43.345","43.460","42.850","","-0.92%"
"03/27/2011","43.300","43.290","43.640","43.250","","0.12%"
"03/20/2011","43.250","43.805","43.815","43.240","","-0.73%"
"03/13/2011","43.570","43.580","44.060","43.455","","-0.05%"
"03/06/2011","43.590","43.280","43.720","43.150","","0.73%"
"02/27/2011","43.275","43.750","43.885","43.250","","-1.13%"
"02/20/2011","43.770","43.340","43.980","43.235","","0.90%"
"02/13/2011","43.380","43.790","43.950","43.300","","-0.97%"
"02/06/2011","43.805","43.700","43.955","43.320","","0.24%"
"01/30/2011","43.700","44.080","44.430","43.650","","-0.91%"
"01/23/2011","44.100","44.470","44.630","44.015","","-0.79%"
"01/16/2011","44.450","44.200","44.800","44.100","","0.29%"
"01/09/2011","44.320","44.130","44.500","43.850","","0.27%"
"01/02/2011","44.200","43.680","44.310","43.500","","1.27%"
"12/26/2010","43.645","44.025","44.135","43.600","","-0.90%"
"12/19/2010","44.040","44.200","44.505","44.000","","-0.54%"
"12/12/2010","44.280","43.710","44.400","43.570","","1.36%"
"12/05/2010","43.685","43.800","43.955","43.445","","-0.13%"
"11/28/2010","43.740","44.180","44.350","43.590","","-0.93%"
"11/21/2010","44.150","43.600","44.400","43.600","","1.03%"
"11/14/2010","43.700","43.700","44.000","43.420","","-0.51%"
"11/07/2010","43.925","42.700","44.090","42.700","","3.04%"
"10/31/2010","42.630","43.005","43.100","42.340","","-0.63%"
"10/24/2010","42.900","43.030","43.400","42.800","","-0.66%"
"10/17/2010","43.185","43.260","43.755","43.060","","-0.36%"
"10/10/2010","43.340","43.320","43.840","43.100","","0.16%"
"10/03/2010","43.270","43.840","43.960","43.220","","-1.09%"
"09/26/2010","43.745","43.930","44.255","43.620","","-0.14%"
"09/19/2010","43.805","44.220","44.445","43.680","","-0.93%"
"09/12/2010","44.215","44.100","44.540","43.820","","0.71%"
"09/05/2010","43.905","44.565","44.685","43.880","","-1.28%"
"08/29/2010","44.475","45.110","45.445","44.390","","-1.13%"
"08/22/2010","44.985","44.900","45.675","44.860","","-0.33%"
"08/15/2010","45.135","45.300","45.655","44.800","","-0.33%"
"08/08/2010","45.285","44.900","45.655","44.785","","1.00%"
"08/01/2010","44.835","45.515","45.595","44.750","","-1.45%"
"07/25/2010","45.495","46.350","46.695","45.420","","-1.81%"
"07/18/2010","46.335","46.300","46.705","46.210","","-0.32%"
"07/11/2010","46.485","46.165","46.560","45.985","","0.55%"
"07/04/2010","46.230","46.600","46.630","46.060","","-0.77%"
"06/27/2010","46.590","46.425","46.680","45.900","","0.90%"
"06/20/2010","46.175","45.650","46.655","45.340","","0.82%"
"06/13/2010","45.800","46.625","46.665","45.760","","-1.33%"
"06/06/2010","46.415","46.900","46.925","46.260","","-0.68%"
"05/30/2010","46.735","46.180","46.825","46.180","","1.28%"
"05/23/2010","46.145","46.450","47.455","46.060","","-0.94%"
"05/16/2010","46.585","44.900","46.645","44.750","","3.16%"
"05/09/2010","45.160","45.525","45.750","44.500","","-1.13%"
"05/02/2010","45.675","44.480","45.875","44.400","","2.64%"
"04/25/2010","44.500","44.400","44.920","43.985","","0.46%"
"04/18/2010","44.295","44.400","44.920","44.200","","-0.37%"
"04/11/2010","44.460","44.750","44.980","43.980","","-0.65%"
"04/04/2010","44.750","45.300","45.400","44.600","","-0.37%"
"03/28/2010","44.915","45.500","45.615","44.900","","-1.39%"
"03/21/2010","45.550","45.550","46.050","45.400","","-0.02%"
"03/14/2010","45.560","45.700","46.100","45.140","","-0.33%"
"03/07/2010","45.710","46.050","46.120","45.450","","-0.50%"
"02/28/2010","45.940","46.150","46.280","45.830","","-0.88%"
"02/21/2010","46.350","46.090","46.385","45.950","","0.39%"
"02/14/2010","46.170","46.650","46.730","45.580","","-0.41%"
"02/07/2010","46.360","46.150","46.780","46.050","","-0.41%"
"01/31/2010","46.550","46.600","46.830","45.800","","0.11%"
"01/24/2010","46.500","46.660","46.970","45.845","","0.59%"
"01/17/2010","46.225","45.810","46.365","45.700","","0.71%"
"01/10/2010","45.900","45.670","46.100","45.350","","0.37%"
"01/03/2010","45.730","46.450","46.550","45.600","","-1.12%"
"12/27/2009","46.250","46.490","46.620","46.000","","-0.56%"
"12/20/2009","46.510","46.350","46.740","46.250","","-0.26%"
"12/13/2009","46.630","46.200","46.830","45.870","","1.26%"
"12/06/2009","46.050","46.250","46.500","45.850","","0.02%"
"11/29/2009","46.040","47.200","47.480","45.850","","-2.35%"
"11/22/2009","47.150","46.750","47.390","46.480","","0.53%"
"11/15/2009","46.900","46.880","47.480","46.400","","0.64%"
"11/08/2009","46.600","47.030","47.380","46.480","","-2.05%"
"11/01/2009","47.575","47.710","47.925","47.170","","0.21%"
"10/25/2009","47.475","46.990","48.125","46.800","","1.28%"
"10/18/2009","46.875","46.980","47.515","46.420","","-0.24%"
"10/11/2009","46.990","46.520","46.990","46.150","","1.00%"
"10/04/2009","46.525","46.850","47.265","46.250","","-1.07%"
"09/27/2009","47.030","47.240","47.860","46.890","","-0.41%"
"09/20/2009","47.225","47.650","47.875","47.100","","-1.00%"
"09/13/2009","47.700","48.400","48.550","47.500","","-1.15%"
"09/06/2009","48.255","48.780","48.855","48.100","","-1.02%"
"08/30/2009","48.750","48.770","49.080","48.500","","-0.26%"
"08/23/2009","48.875","48.270","49.105","48.100","","1.45%"
"08/16/2009","48.175","48.140","48.640","47.950","","0.26%"
"08/09/2009","48.050","47.770","48.160","47.600","","0.27%"
"08/02/2009","47.920","47.900","48.210","47.600","","-0.21%"
"07/26/2009","48.020","48.030","48.250","47.850","","0.00%"
"07/19/2009","48.020","47.940","48.410","47.820","","0.17%"
"07/12/2009","47.940","48.230","48.490","47.870","","-0.56%"
"07/05/2009","48.210","48.110","48.495","47.970","","0.40%"
"06/28/2009","48.020","48.290","48.400","47.920","","0.04%"
"06/21/2009","48.000","48.370","48.820","47.900","","-0.52%"
"06/14/2009","48.250","48.030","48.650","48.000","","1.47%"
"06/07/2009","47.550","47.300","47.950","47.150","","1.06%"
"05/31/2009","47.050","47.260","47.550","46.900","","-0.25%"
"05/24/2009","47.170","46.920","47.720","46.820","","0.64%"
"05/17/2009","46.870","47.820","47.920","46.820","","-1.51%"
"05/10/2009","47.590","47.030","47.880","46.950","","1.02%"
"05/03/2009","47.110","48.250","48.480","47.050","","-2.01%"
"04/26/2009","48.075","48.550","49.065","47.920","","-0.86%"
"04/19/2009","48.490","47.650","49.000","47.650","","1.49%"
"04/12/2009","47.780","47.850","48.110","47.160","","-0.15%"
"04/05/2009","47.850","47.770","48.170","47.670","","0.23%"
"03/29/2009","47.740","48.300","48.600","47.690","","-0.65%"
"03/22/2009","48.050","48.380","48.430","47.900","","-0.35%"
"03/15/2009","48.220","48.380","48.850","48.150","","-0.43%"
"03/08/2009","48.430","48.410","48.815","48.090","","-0.45%"
"03/01/2009","48.650","48.690","49.305","48.320","","-0.08%"
"02/22/2009","48.690","48.250","48.845","47.770","","0.95%"
"02/15/2009","48.230","47.240","48.345","46.900","","2.32%"
"02/08/2009","47.135","46.970","47.775","46.650","","0.02%"
"02/01/2009","47.125","47.520","47.800","46.660","","1.40%"
"01/25/2009","46.475","47.320","47.395","46.000","","-1.85%"
"01/18/2009","47.350","46.850","47.720","46.850","","0.48%"
"01/11/2009","47.125","47.400","47.975","46.990","","0.11%"
"01/04/2009","47.075","47.300","47.775","46.250","","-0.48%"
"12/28/2008","47.300","47.200","47.600","47.000","","-0.63%"
"12/21/2008","47.600","46.900","47.850","46.600","","1.93%"
"12/14/2008","46.700","48.000","48.100","46.500","","-2.89%"
"12/07/2008","48.088","48.950","49.263","47.550","","-2.01%"
"11/30/2008","49.075","48.850","49.805","48.650","","0.26%"
"11/23/2008","48.950","49.730","50.140","48.650","","-1.82%"
"11/16/2008","49.855","49.530","50.195","49.100","","1.38%"
"11/09/2008","49.175","48.550","49.565","48.160","","1.71%"
"11/02/2008","48.350","48.800","49.010","47.850","","-1.06%"
"10/26/2008","48.870","48.970","49.680","48.300","","0.25%"
"10/19/2008","48.750","48.000","49.096","47.800","","1.67%"
"10/12/2008","47.950","47.650","48.200","46.950","","0.40%"
"10/05/2008","47.760","47.310","47.950","47.080","","1.21%"
"09/28/2008","47.190","46.700","47.500","46.250","","1.07%"
"09/21/2008","46.690","46.530","46.790","46.100","","0.46%"
"09/14/2008","46.475","46.620","47.325","46.300","","-0.36%"
"09/07/2008","46.645","46.500","47.255","46.230","","-0.24%"
"08/31/2008","46.755","46.140","46.995","45.970","","1.59%"
"08/24/2008","46.025","45.500","46.125","45.400","","0.99%"
"08/17/2008","45.575","45.200","45.805","44.880","","0.73%"
"08/10/2008","45.245","44.350","45.365","44.030","","2.01%"
"08/03/2008","44.355","44.220","44.495","43.550","","0.16%"
"07/27/2008","44.285","44.000","44.430","43.800","","0.64%"
"07/20/2008","44.005","44.200","44.765","43.650","","-0.51%"
"07/13/2008","44.230","45.810","45.860","44.150","","-2.99%"
"07/06/2008","45.595","45.410","45.895","45.130","","0.41%"
"06/29/2008","45.410","44.770","45.710","44.450","","1.40%"
"06/22/2008","44.785","44.280","44.820","44.250","","1.53%"
"06/15/2008","44.110","44.450","44.650","43.890","","-0.82%"
"06/08/2008","44.475","44.110","44.805","43.760","","0.85%"
"06/01/2008","44.100","43.730","44.510","43.300","","1.53%"
"05/25/2008","43.435","43.470","43.995","43.230","","0.03%"
"05/18/2008","43.420","42.620","43.560","42.600","","1.72%"
"05/11/2008","42.685","42.530","42.925","42.350","","0.05%"
"05/04/2008","42.665","42.310","42.775","42.020","","0.87%"
"04/27/2008","42.295","42.070","42.405","41.800","","0.50%"
"04/20/2008","42.085","41.850","42.125","41.550","","0.44%"
"04/13/2008","41.900","41.680","42.160","41.460","","0.84%"
"04/06/2008","41.550","41.600","41.870","41.300","","0.00%"
"03/30/2008","41.550","41.810","41.950","41.250","","-0.84%"
"03/23/2008","41.900","41.570","41.970","41.280","","1.02%"
"03/16/2008","41.475","41.620","41.800","41.200","","0.30%"
"03/09/2008","41.350","40.930","41.615","40.720","","1.60%"
"03/02/2008","40.700","40.600","40.980","40.250","","0.74%"
"02/24/2008","40.400","40.640","40.730","40.120","","-0.43%"
"02/17/2008","40.575","40.680","41.075","40.250","","-0.18%"
"02/10/2008","40.650","40.680","41.065","40.480","","0.17%"
"02/03/2008","40.580","40.490","40.930","40.250","","0.76%"
"01/27/2008","40.275","40.830","41.175","40.150","","-1.17%"
"01/20/2008","40.750","40.580","41.650","40.500","","0.17%"
"01/13/2008","40.680","40.590","41.270","40.250","","0.44%"
"01/06/2008","40.500","41.050","41.230","40.280","","-0.86%"
"12/30/2007","40.850","41.190","41.440","40.750","","-0.97%"
"12/23/2007","41.250","41.280","41.630","41.150","","-0.19%"
"12/16/2007","41.330","41.150","42.125","41.150","","0.93%"
"12/09/2007","40.950","41.640","41.780","40.880","","-1.56%"
"12/02/2007","41.600","42.470","42.720","41.500","","-1.77%"
"11/25/2007","42.350","42.650","43.180","42.300","","-0.68%"
"11/18/2007","42.640","43.450","43.585","42.550","","-1.52%"
"11/11/2007","43.300","42.700","43.540","42.600","","1.46%"
"11/04/2007","42.675","43.550","43.945","42.600","","-1.78%"
"10/28/2007","43.450","44.000","44.060","43.250","","-1.14%"
"10/21/2007","43.950","44.350","44.510","43.850","","0.06%"
"10/14/2007","43.925","44.010","44.555","43.830","","0.63%"
"10/07/2007","43.650","44.700","44.750","43.600","","-1.91%"
"09/30/2007","44.500","44.980","45.200","44.450","","-1.55%"
"09/23/2007","45.200","45.250","45.460","44.800","","-0.02%"
"09/16/2007","45.210","46.300","46.540","45.100","","-2.27%"
"09/09/2007","46.260","46.705","47.150","46.100","","-1.07%"
"09/02/2007","46.760","46.440","46.830","46.310","","0.61%"
"08/26/2007","46.475","46.780","47.025","46.400","","-0.44%"
"08/19/2007","46.680","46.600","46.990","46.230","","-0.15%"
"08/12/2007","46.750","45.700","46.945","45.500","","2.41%"
"08/05/2007","45.650","45.680","45.810","44.950","","0.66%"
"07/29/2007","45.350","45.700","46.010","45.150","","-0.55%"
"07/22/2007","45.600","45.000","45.975","44.600","","2.24%"
"07/15/2007","44.600","45.650","45.870","44.500","","-2.50%"
"07/08/2007","45.745","45.980","46.355","45.550","","-0.57%"
"07/01/2007","46.005","46.220","46.455","45.650","","-0.47%"
"06/24/2007","46.220","46.100","46.680","45.950","","0.42%"
"06/17/2007","46.025","46.500","46.675","45.700","","-0.24%"
"06/10/2007","46.135","46.560","46.855","46.020","","-1.10%"
"06/03/2007","46.650","46.060","46.670","45.500","","0.98%"
"05/27/2007","46.195","46.000","46.495","45.800","","0.27%"
"05/20/2007","46.070","46.550","46.660","41.600","","-0.85%"
"05/13/2007","46.465","47.190","47.275","46.380","","-1.49%"
"05/06/2007","47.170","47.380","47.475","47.030","","-0.63%"
"04/29/2007","47.470","47.400","47.885","47.350","","0.15%"
"04/22/2007","47.400","47.490","47.810","47.210","","-0.21%"
"04/15/2007","47.500","47.800","47.950","47.280","","-0.84%"
"04/08/2007","47.900","47.920","48.130","47.650","","-0.26%"
"04/01/2007","48.025","48.200","48.465","47.800","","-0.21%"
"03/25/2007","48.125","48.130","48.465","47.950","","0.16%"
"03/18/2007","48.050","48.750","48.970","47.900","","-1.10%"
"03/11/2007","48.585","48.530","48.875","48.200","","0.28%"
"03/04/2007","48.450","48.790","49.000","48.350","","0.08%"
"02/25/2007","48.410","48.100","48.750","47.950","","0.96%"
"02/18/2007","47.950","48.070","48.350","47.850","","0.04%"
"02/11/2007","47.930","48.280","48.590","47.880","","-0.75%"
"02/04/2007","48.290","48.690","48.900","48.200","","-0.85%"
"01/28/2007","48.705","49.020","49.255","48.600","","-0.74%"
"01/21/2007","49.070","48.800","49.190","48.720","","0.52%"
"01/14/2007","48.815","48.900","49.065","48.600","","-0.33%"
"01/07/2007","48.975","48.750","49.105","48.520","","0.24%"
"12/31/2006","48.860","48.950","49.260","48.750","","-0.39%"
"12/24/2006","49.050","49.080","49.360","48.930","","-0.51%"
"12/17/2006","49.300","49.320","49.770","49.100","","-0.08%"
"12/10/2006","49.340","49.680","49.795","49.300","","-0.58%"
"12/03/2006","49.630","49.530","49.815","49.370","","-0.06%"
"11/26/2006","49.660","49.650","49.960","49.520","","-0.10%"
"11/19/2006","49.710","49.940","49.970","49.630","","-0.55%"
"11/12/2006","49.985","49.820","50.195","49.710","","0.18%"
"11/05/2006","49.895","49.670","50.027","49.670","","0.37%"
"10/29/2006","49.710","49.730","49.970","49.630","","-0.23%"
"10/22/2006","49.825","50.100","50.235","49.750","","-0.50%"
"10/15/2006","50.075","49.980","50.145","49.880","","0.12%"
"10/08/2006","50.015","50.010","50.180","49.950","","0.03%"
"10/01/2006","50.000","49.980","50.150","49.770","","-0.26%"
"09/24/2006","50.130","50.330","50.480","50.080","","-0.36%"
"09/17/2006","50.310","50.260","50.400","49.980","","0.22%"
"09/10/2006","50.200","50.450","50.700","50.140","","-0.53%"
"09/03/2006","50.470","50.750","50.800","50.210","","-0.45%"
"08/27/2006","50.700","51.350","51.530","50.650","","-1.28%"
"08/20/2006","51.355","51.140","51.685","51.110","","0.44%"
"08/13/2006","51.130","51.350","51.520","51.040","","-0.16%"
"08/06/2006","51.210","51.340","51.545","51.070","","-0.55%"
"07/30/2006","51.495","51.410","51.730","51.350","","-0.03%"
"07/23/2006","51.510","52.150","52.990","51.450","","-1.23%"
"07/16/2006","52.150","52.300","52.870","52.050","","-0.45%"
"07/09/2006","52.385","52.140","52.545","52.040","","0.02%"
"07/02/2006","52.375","52.990","53.146","52.280","","-1.24%"
"06/25/2006","53.030","53.250","53.670","52.980","","-0.45%"
"06/18/2006","53.270","53.200","53.420","53.110","","0.28%"
"06/11/2006","53.123","53.020","53.998","52.950","","0.01%"
"06/04/2006","53.120","52.800","53.290","52.620","","0.61%"
"05/28/2006","52.800","52.840","52.990","52.350","","0.08%"
"05/21/2006","52.760","52.600","52.990","52.530","","0.29%"
"05/14/2006","52.610","51.800","52.730","51.710","","1.76%"
"05/07/2006","51.700","51.340","51.840","51.200","","0.34%"
"04/30/2006","51.525","51.600","51.765","51.250","","-0.37%"
"04/23/2006","51.715","51.600","52.005","51.550","","0.17%"
"04/16/2006","51.625","51.200","51.785","51.190","","0.67%"
"04/09/2006","51.280","51.130","51.390","51.050","","0.51%"
"04/02/2006","51.020","51.090","51.210","50.910","","-0.16%"
"03/26/2006","51.100","51.190","51.400","51.050","","-0.20%"
"03/19/2006","51.200","51.000","51.300","50.830","","0.36%"
"03/12/2006","51.015","51.200","51.435","50.900","","-0.46%"
"03/05/2006","51.250","51.050","51.640","50.840","","0.16%"
"02/26/2006","51.170","51.900","52.330","51.050","","-1.72%"
"02/19/2006","52.065","51.550","52.295","51.520","","0.57%"
"02/12/2006","51.770","51.440","51.850","51.150","","0.55%"
"02/05/2006","51.485","51.800","52.085","51.340","","-0.66%"
"01/29/2006","51.825","52.400","52.555","51.550","","-1.17%"
"01/22/2006","52.440","52.875","53.000","52.050","","-0.73%"
"01/15/2006","52.825","52.300","53.025","52.210","","1.15%"
"01/08/2006","52.225","52.280","52.805","52.150","","-0.39%"
"01/01/2006","52.430","52.950","53.230","52.250","","-1.13%"
"12/25/2005","53.030","53.450","53.500","52.750","","-0.75%"
"12/18/2005","53.430","53.400","53.630","52.920","","0.06%"
"12/11/2005","53.400","53.450","53.770","52.970","","0.06%"
"12/04/2005","53.370","54.150","54.220","53.260","","-1.26%"
"11/27/2005","54.050","54.060","54.375","53.850","","-0.23%"
"11/20/2005","54.175","54.600","54.995","54.000","","-0.64%"
"11/13/2005","54.525","54.370","54.875","54.250","","0.25%"
"11/06/2005","54.390","54.640","55.030","54.350","","-0.61%"
"10/30/2005","54.725","55.000","55.175","54.550","","-0.47%"
"10/23/2005","54.985","55.605","55.815","54.820","","-0.84%"
"10/16/2005","55.450","55.700","55.905","55.380","","-0.70%"
"10/09/2005","55.840","55.800","56.050","55.550","","0.07%"
"10/02/2005","55.800","56.220","56.150","55.650","","-0.41%"
"09/25/2005","56.030","56.200","56.470","55.020","","-0.39%"
"09/18/2005","56.250","56.150","56.400","56.050","","0.07%"
"09/11/2005","56.210","56.050","56.260","55.650","","0.24%"
"09/04/2005","56.075","56.100","56.325","55.900","","-0.04%"
"08/28/2005","56.095","56.000","56.375","55.900","","0.21%"
"08/21/2005","55.975","55.980","56.195","55.800","","-0.03%"
"08/14/2005","55.990","55.630","56.070","55.610","","0.52%"
"08/07/2005","55.700","55.900","56.130","55.550","","-0.41%"
"07/31/2005","55.930","55.850","56.280","55.780","","-0.40%"
"07/24/2005","56.155","55.700","56.300","55.700","","0.48%"
"07/17/2005","55.885","55.700","56.045","55.150","","-0.08%"
"07/10/2005","55.930","56.350","56.450","55.700","","-0.28%"
"07/03/2005","56.085","55.700","56.505","55.700","","0.15%"
"06/26/2005","56.000","55.750","56.305","55.420","","0.72%"
"06/19/2005","55.600","55.250","55.980","55.200","","0.36%"
"06/12/2005","55.400","54.950","55.545","54.950","","0.73%"
"06/05/2005","55.000","54.470","55.250","54.400","","0.82%"
"05/29/2005","54.550","54.370","54.806","54.300","","0.32%"
"05/22/2005","54.375","54.600","54.805","54.300","","-0.38%"
"05/15/2005","54.580","54.100","54.750","54.100","","0.69%"
"05/08/2005","54.205","54.000","54.365","54.000","","0.19%"
"05/01/2005","54.100","54.000","54.300","53.870","","0.06%"
"04/24/2005","54.070","54.030","54.660","53.980","","-0.24%"
"04/17/2005","54.200","54.600","54.785","54.100","","-0.70%"
"04/10/2005","54.580","54.530","54.800","53.925","","-0.02%"
"04/03/2005","54.590","54.770","54.910","54.400","","-0.37%"
"03/27/2005","54.790","54.150","55.060","54.150","","1.07%"
"03/20/2005","54.210","54.250","54.430","54.000","","-0.07%"
"03/13/2005","54.250","54.010","54.410","53.800","","0.32%"
"03/06/2005","54.075","54.800","54.945","54.000","","-1.41%"
"02/27/2005","54.850","54.650","55.120","54.580","","0.31%"
"02/20/2005","54.680","54.600","54.960","54.500","","0.15%"
"02/13/2005","54.600","54.700","55.920","54.450","","-0.31%"
"02/06/2005","54.770","54.610","55.400","54.475","","0.27%"
"01/30/2005","54.625","55.100","55.215","54.550","","-0.88%"
"01/23/2005","55.110","55.450","55.575","54.975","","-0.61%"
"01/16/2005","55.450","55.600","55.715","55.350","","-0.77%"
"01/09/2005","55.880","56.150","56.350","55.550","","-0.57%"
"01/02/2005","56.200","56.210","56.350","56.000","","0.13%"
"12/26/2004","56.125","56.030","56.485","56.030","","0.09%"
"12/19/2004","56.075","56.150","56.375","56.000","","-0.35%"
"12/12/2004","56.270","56.300","56.400","56.150","","-0.01%"
"12/05/2004","56.275","56.000","56.465","55.945","","0.47%"
"11/28/2004","56.010","56.150","56.250","55.950","","-0.29%"
"11/21/2004","56.175","56.240","56.430","56.100","","-0.28%"
"11/14/2004","56.335","56.220","56.380","56.190","","0.08%"
"11/07/2004","56.290","56.300","56.410","56.120","","-0.11%"
"10/31/2004","56.350","56.220","56.450","56.200","","0.12%"
"10/24/2004","56.280","56.250","56.455","56.200","","0.00%"
"10/17/2004","56.280","56.300","56.526","56.180","","-0.20%"
"10/10/2004","56.390","56.270","56.632","56.220","","0.16%"
"10/03/2004","56.300","56.300","56.480","56.200","","-0.04%"
"09/26/2004","56.325","56.365","56.525","56.150","","-0.15%"
"09/19/2004","56.410","56.170","56.440","56.117","","0.32%"
"09/12/2004","56.230","56.050","56.300","56.020","","0.14%"
"09/05/2004","56.150","56.080","56.225","55.980","","0.04%"
"08/29/2004","56.125","56.050","56.355","56.000","","-0.07%"
"08/22/2004","56.165","55.710","56.260","55.650","","0.81%"
"08/15/2004","55.715","55.650","55.915","55.595","","0.04%"
"08/08/2004","55.690","55.600","55.840","55.500","","-0.06%"
"08/01/2004","55.725","55.900","56.025","55.570","","-0.49%"
"07/25/2004","56.000","56.050","56.205","55.850","","-0.18%"
"07/18/2004","56.100","55.950","56.120","55.800","","0.12%"
"07/11/2004","56.030","55.690","56.210","55.580","","0.42%"
"07/04/2004","55.795","55.940","56.067","55.700","","-0.28%"
"06/27/2004","55.950","56.090","56.300","55.820","","-0.23%"
"06/20/2004","56.080","56.400","56.470","55.800","","-0.61%"
"06/13/2004","56.425","55.830","56.510","55.660","","0.97%"
"06/06/2004","55.885","55.850","55.960","55.550","","-0.03%"
"05/30/2004","55.900","55.800","55.980","55.530","","0.00%"
"05/23/2004","55.900","55.800","56.240","55.720","","0.04%"
"05/16/2004","55.880","55.850","56.064","55.600","","-0.13%"
"05/09/2004","55.955","55.670","56.075","55.650","","0.47%"
"05/02/2004","55.695","56.000","56.145","55.300","","-0.58%"
"04/25/2004","56.020","55.680","56.130","55.500","","0.48%"
"04/18/2004","55.750","55.750","55.960","55.550","","-0.05%"
"04/11/2004","55.780","56.280","56.330","55.600","","-0.89%"
"04/04/2004","56.280","56.200","56.435","56.050","","0.01%"
"03/28/2004","56.275","56.400","56.495","56.010","","-0.24%"
"03/21/2004","56.410","56.370","56.520","56.250","","-0.04%"
"03/14/2004","56.430","56.250","56.450","56.145","","0.11%"
"03/07/2004","56.370","56.300","56.380","56.050","","0.12%"
"02/29/2004","56.300","56.300","56.390","56.120","","-0.09%"
"02/22/2004","56.350","56.350","56.420","56.120","","-0.05%"
"02/15/2004","56.380","56.050","56.420","55.950","","0.53%"
"02/08/2004","56.080","55.900","56.173","55.700","","0.28%"
"02/01/2004","55.925","55.950","56.305","55.800","","0.22%"
"01/25/2004","55.800","55.700","56.240","55.600","","0.28%"
"01/18/2004","55.645","55.570","55.820","55.450","","0.22%"
"01/11/2004","55.525","55.200","55.623","55.170","","0.45%"
"01/04/2004","55.275","55.430","55.645","55.000","","-0.41%"
"12/28/2003","55.505","55.460","55.675","55.400","","-0.05%"
"12/21/2003","55.530","55.350","55.630","55.350","","0.28%"
"12/14/2003","55.375","55.300","55.635","55.270","","0.06%"
"12/07/2003","55.340","55.300","55.550","55.200","","0.02%"
"11/30/2003","55.330","55.700","55.750","55.100","","-0.62%"
"11/23/2003","55.675","55.600","55.895","55.400","","0.22%"
"11/16/2003","55.555","55.350","55.630","55.200","","0.33%"
"11/09/2003","55.375","55.300","55.555","55.080","","0.46%"
"11/02/2003","55.120","55.270","55.635","55.000","","-0.51%"
"10/26/2003","55.400","55.300","55.620","55.100","","0.13%"
"10/19/2003","55.330","54.650","55.450","54.500","","1.30%"
"10/12/2003","54.620","54.635","54.810","54.500","","-0.19%"
"10/05/2003","54.725","54.900","55.150","54.650","","-0.23%"
"09/28/2003","54.850","54.990","55.060","54.645","","-0.38%"
"09/21/2003","55.060","55.100","55.210","54.850","","-0.04%"
"09/14/2003","55.080","54.900","55.400","54.850","","0.28%"
"09/07/2003","54.925","54.900","55.290","54.800","","0.14%"
"08/31/2003","54.850","54.970","55.160","54.535","","-0.25%"
"08/24/2003","54.990","55.230","55.630","54.750","","-0.43%"
"08/17/2003","55.230","55.000","55.340","54.880","","0.28%"
"08/10/2003","55.075","54.650","55.165","54.600","","0.59%"
"08/03/2003","54.750","54.800","55.057","54.540","","-0.11%"
"07/27/2003","54.810","54.300","54.995","54.200","","1.45%"
"07/20/2003","54.025","53.680","54.285","53.350","","0.75%"
"07/13/2003","53.625","53.420","53.790","53.300","","0.47%"
"07/06/2003","53.375","53.370","53.717","53.250","","0.00%"
"06/29/2003","53.375","53.550","53.775","53.250","","-0.37%"
"06/22/2003","53.575","53.300","53.845","53.200","","0.56%"
"06/15/2003","53.275","53.480","53.655","53.150","","-0.37%"
"06/08/2003","53.475","53.400","53.734","53.200","","0.19%"
"06/01/2003","53.375","53.270","53.540","53.050","","0.38%"
"05/25/2003","53.175","52.700","53.415","52.560","","0.76%"
"05/18/2003","52.775","52.450","53.045","52.350","","0.57%"
"05/11/2003","52.475","52.330","52.665","51.900","","0.48%"
"05/04/2003","52.225","52.500","52.575","51.800","","-0.48%"
"04/27/2003","52.475","53.000","53.195","52.400","","-1.13%"
"04/20/2003","53.075","52.270","53.115","52.180","","1.72%"
"04/13/2003","52.175","52.350","52.655","52.100","","-0.57%"
"04/06/2003","52.475","53.100","53.275","52.300","","-1.41%"
"03/30/2003","53.225","53.500","53.725","53.000","","-0.60%"
"03/23/2003","53.545","54.400","54.685","53.050","","-1.62%"
"03/16/2003","54.425","54.700","55.181","54.350","","-0.64%"
"03/09/2003","54.775","54.800","55.225","54.700","","-0.05%"
"03/02/2003","54.805","54.450","54.925","54.400","","0.51%"
"02/23/2003","54.525","54.170","54.615","54.170","","0.50%"
"02/16/2003","54.255","53.960","54.420","53.950","","0.56%"
"02/09/2003","53.955","53.820","54.025","53.800","","-0.04%"
"02/02/2003","53.975","53.800","54.182","53.750","","0.28%"
"01/26/2003","53.825","53.550","53.925","53.500","","0.47%"
"01/19/2003","53.575","53.500","53.815","53.500","","0.00%"
"01/12/2003","53.575","53.450","53.745","53.300","","0.09%"
"01/05/2003","53.525","53.670","53.745","53.300","","0.04%"
"12/29/2002","53.505","53.250","53.745","53.100","","0.34%"
"12/22/2002","53.325","53.600","53.745","52.880","","-0.74%"
"12/15/2002","53.725","53.250","53.855","53.250","","0.28%"
"12/08/2002","53.575","53.450","53.625","53.200","","0.19%"
"12/01/2002","53.475","53.575","53.765","53.400","","-0.09%"
"11/24/2002","53.525","53.750","53.925","53.450","","-0.56%"
"11/17/2002","53.825","53.330","53.925","53.300","","0.84%"
"11/10/2002","53.375","52.830","53.485","52.700","","0.95%"
"11/03/2002","52.875","53.070","53.145","52.750","","-0.47%"
"10/27/2002","53.125","53.040","53.365","52.900","","0.00%"
"10/20/2002","53.125","53.150","53.525","52.900","","-0.30%"
"10/13/2002","53.285","52.700","53.355","52.690","","0.97%"
"10/06/2002","52.775","52.700","53.010","52.550","","0.19%"
"09/29/2002","52.675","52.380","52.825","52.270","","0.44%"
"09/22/2002","52.445","52.400","52.650","52.250","","-0.06%"
"09/15/2002","52.475","52.100","52.625","52.090","","0.48%"
"09/08/2002","52.225","51.750","52.365","51.750","","0.67%"
"09/01/2002","51.875","51.800","51.985","51.530","","0.06%"
"08/25/2002","51.845","52.300","52.475","51.620","","-1.01%"
"08/18/2002","52.375","51.845","52.425","51.720","","1.12%"
"08/11/2002","51.795","51.650","52.075","51.500","","0.33%"
"08/04/2002","51.625","51.250","52.005","51.180","","0.64%"
"07/28/2002","51.295","51.250","51.995","51.000","","-0.06%"
"07/21/2002","51.325","50.350","51.355","50.230","","1.89%"
"07/14/2002","50.375","50.400","50.565","50.180","","-0.22%"
"07/07/2002","50.485","50.550","50.715","50.150","","-0.47%"
"06/30/2002","50.725","50.400","50.925","50.250","","0.79%"
"06/23/2002","50.325","50.100","50.725","50.100","","0.00%"
"06/16/2002","50.325","50.350","50.535","49.970","","-0.24%"
"06/09/2002","50.445","50.600","50.735","50.250","","-0.39%"
"06/02/2002","50.640","50.200","50.980","50.150","","0.93%"
"05/26/2002","50.175","50.300","50.755","49.750","","-0.36%"
"05/19/2002","50.355","49.380","50.375","49.200","","1.82%"
"05/12/2002","49.455","49.550","49.765","49.280","","-0.34%"
"05/05/2002","49.625","50.100","50.175","49.400","","-0.90%"
"04/28/2002","50.075","50.800","50.935","50.000","","-1.61%"
"04/21/2002","50.895","50.800","51.071","50.750","","0.11%"
"04/14/2002","50.840","50.950","51.080","50.790","","-0.32%"
"04/07/2002","51.005","51.050","51.140","50.820","","-0.14%"
"03/31/2002","51.075","50.950","51.335","50.900","","0.11%"
"03/24/2002","51.020","51.045","51.225","50.900","","-0.19%"
"03/17/2002","51.115","50.880","51.320","50.880","","0.31%"
"03/10/2002","50.955","50.940","52.085","50.800","","-0.09%"
"03/03/2002","51.000","50.950","52.140","50.800","","-0.15%"
"02/24/2002","51.075","51.350","51.645","50.950","","-0.58%"
"02/17/2002","51.375","51.150","51.465","51.100","","0.29%"
"02/10/2002","51.225","51.170","51.509","51.150","","0.00%"
"02/03/2002","51.225","51.200","51.777","51.017","","-0.15%"
"01/27/2002","51.300","51.250","51.435","51.050","","0.00%"
"01/20/2002","51.300","51.210","51.690","51.000","","-0.05%"
"01/13/2002","51.325","51.220","51.635","51.000","","0.10%"
"01/06/2002","51.275","51.600","52.125","51.029","","-0.68%"
"12/30/2001","51.625","51.500","52.075","51.200","","0.09%"
"12/23/2001","51.580","51.100","51.864","51.100","","0.74%"
"12/16/2001","51.200","52.000","52.120","50.700","","-1.64%"
"12/09/2001","52.055","51.920","52.145","51.850","","0.20%"
"12/02/2001","51.950","51.950","52.670","51.610","","0.00%"
"11/25/2001","51.950","51.950","52.480","51.750","","-0.10%"
"11/18/2001","52.000","51.850","52.330","51.800","","0.10%"
"11/11/2001","51.950","51.900","52.320","51.700","","0.05%"
"11/04/2001","51.925","51.900","52.575","51.600","","-0.05%"
"10/28/2001","51.950","52.000","52.330","51.700","","-0.19%"
"10/21/2001","52.050","51.700","52.340","51.650","","0.34%"
"10/14/2001","51.875","51.750","52.075","51.160","","0.19%"
"10/07/2001","51.775","51.500","51.935","51.300","","0.49%"
"09/30/2001","51.525","51.300","51.784","51.160","","0.34%"
"09/23/2001","51.350","51.200","51.534","50.920","","0.20%"
"09/16/2001","51.250","51.250","51.538","51.030","","-0.19%"
"09/09/2001","51.350","51.350","51.450","50.900","","-0.10%"
"09/02/2001","51.400","50.950","51.490","50.800","","0.78%"
"08/26/2001","51.000","51.000","51.425","50.800","","-0.10%"
"08/19/2001","51.050","51.150","51.490","50.630","","-0.29%"
"08/12/2001","51.200","51.750","52.200","50.400","","-1.25%"
"08/05/2001","51.850","53.300","53.550","51.550","","-2.95%"
"07/29/2001","53.425","53.400","53.925","53.250","","-0.05%"
"07/22/2001","53.450","53.150","53.760","53.039","","0.47%"
"07/15/2001","53.200","53.100","54.800","52.700","","0.23%"
"07/08/2001","53.080","52.800","53.535","52.700","","0.40%"
"07/01/2001","52.870","52.350","53.210","52.300","","0.85%"
"06/24/2001","52.425","52.100","52.585","52.033","","0.43%"
"06/17/2001","52.200","51.500","52.460","51.200","","1.66%"
"06/10/2001","51.350","50.850","51.725","50.800","","0.88%"
"06/03/2001","50.900","50.700","51.040","50.400","","0.30%"
"05/27/2001","50.750","50.450","51.040","50.340","","0.45%"
"05/20/2001","50.525","50.300","51.145","50.100","","0.40%"
"05/13/2001","50.325","50.250","50.685","49.950","","0.15%"
"05/06/2001","50.250","50.300","51.020","49.910","","-0.30%"
"04/29/2001","50.400","50.800","51.650","49.600","","-0.98%"
"04/22/2001","50.900","50.200","51.600","49.800","","1.19%"
"04/15/2001","50.300","49.900","50.410","49.300","","0.90%"
"04/08/2001","49.850","50.000","50.350","49.300","","-0.60%"
"04/01/2001","50.150","49.400","50.800","49.050","","1.26%"
"03/25/2001","49.525","49.150","49.625","48.510","","0.96%"
"03/18/2001","49.055","48.500","49.315","47.870","","1.14%"
"03/11/2001","48.500","48.000","48.820","47.140","","0.94%"
"03/04/2001","48.050","48.100","48.600","47.000","","0.16%"
"02/25/2001","47.975","48.100","48.775","47.770","","-0.36%"
"02/18/2001","48.150","47.400","48.880","47.260","","1.26%"
"02/11/2001","47.550","48.100","48.470","47.100","","-1.71%"
"02/04/2001","48.375","49.100","49.600","47.500","","-1.28%"
"01/28/2001","49.000","49.650","50.200","48.410","","-1.51%"
"01/21/2001","49.750","47.000","50.300","45.500","","1.53%"
"01/14/2001","49.000","51.500","57.440","45.820","","-5.04%"
"01/07/2001","51.600","50.950","51.690","50.600","","1.08%"
"12/31/2000","51.050","49.900","51.750","49.900","","2.10%"
"12/24/2000","50.000","49.600","50.250","49.000","","-0.20%"
"12/17/2000","50.100","49.950","50.400","49.850","","0.05%"
"12/10/2000","50.075","50.100","50.265","49.650","","0.00%"
"12/03/2000","50.075","49.450","50.625","49.300","","0.75%"
"11/26/2000","49.700","48.900","49.972","48.900","","1.33%"
"11/19/2000","49.050","49.800","50.150","48.850","","-1.60%"
"11/12/2000","49.850","50.100","50.650","49.200","","-0.60%"
"11/05/2000","50.150","50.900","51.100","47.700","","-1.67%"
"10/29/2000","51.000","51.000","52.100","50.500","","-0.29%"
"10/22/2000","51.150","48.650","52.050","48.500","","4.71%"
"10/15/2000","48.850","48.500","49.100","48.200","","0.51%"
"10/08/2000","48.600","46.410","49.000","46.210","","4.97%"
"10/01/2000","46.300","46.100","46.695","46.090","","0.22%"
"09/24/2000","46.200","46.150","46.430","46.000","","0.33%"
"09/17/2000","46.050","45.650","46.350","45.500","","0.88%"
"09/10/2000","45.650","45.450","46.000","45.400","","0.22%"
"09/03/2000","45.550","45.100","45.900","45.100","","0.82%"
"08/27/2000","45.180","44.900","45.670","44.900","","0.18%"
"08/20/2000","45.100","44.880","45.146","44.580","","0.22%"
"08/13/2000","45.000","44.750","45.117","44.680","","0.49%"
"08/06/2000","44.780","44.600","45.055","44.350","","0.40%"
"07/30/2000","44.600","44.950","45.175","44.108","","-0.78%"
"07/23/2000","44.950","44.400","45.290","44.300","","1.24%"
"07/16/2000","44.400","44.500","44.770","44.180","","-0.34%"
"07/09/2000","44.550","44.010","45.240","43.910","","1.14%"
"07/02/2000","44.050","42.910","44.145","42.910","","1.85%"
"06/25/2000","43.250","42.850","43.395","42.750","","0.82%"
"06/18/2000","42.900","42.580","43.070","42.460","","0.75%"
"06/11/2000","42.580","42.400","42.740","42.204","","0.12%"
"06/04/2000","42.530","42.480","42.665","42.050","","0.07%"
"05/28/2000","42.500","42.700","42.975","42.300","","-0.93%"
"05/21/2000","42.900","41.650","43.600","41.600","","2.88%"
"05/14/2000","41.700","41.450","41.925","41.400","","0.54%"
"05/07/2000","41.475","41.250","41.585","40.800","","0.30%"
"04/30/2000","41.350","41.250","41.400","40.800","","0.13%"
"04/23/2000","41.295","41.200","41.475","40.800","","0.05%"
"04/16/2000","41.275","41.100","41.335","41.020","","0.12%"
"04/09/2000","41.225","41.050","41.285","40.930","","0.13%"
"04/02/2000","41.170","41.050","41.298","40.980","","0.05%"
"03/26/2000","41.150","40.850","41.230","40.780","","0.49%"
"03/19/2000","40.950","40.850","41.075","40.700","","-0.06%"
"03/12/2000","40.975","40.825","41.050","40.250","","0.18%"
"03/05/2000","40.900","40.830","41.700","40.309","","0.00%"
"02/27/2000","40.900","40.750","41.110","40.520","","0.00%"
"02/20/2000","40.900","40.660","40.980","40.500","","0.49%"
"02/13/2000","40.700","40.400","40.785","40.210","","0.54%"
"02/06/2000","40.480","40.500","40.750","40.250","","-0.30%"
"01/30/2000","40.600","40.400","40.906","40.320","","0.25%"